"mz";"intensity";"filename"
50;894;"1"
51;479;"1"
52;46;"1"
53;16;"1"
54;1;"1"
56;4;"1"
58;2;"1"
59;3;"1"
60;40;"1"
61;103;"1"
62;61;"1"
63;42;"1"
65;2;"1"
72;36;"1"
73;150;"1"
74;452;"1"
75;598;"1"
76;345;"1"
77;362;"1"
78;21;"1"
81;1;"1"
83;1;"1"
84;55;"1"
85;80;"1"
86;30;"1"
87;23;"1"
88;1;"1"
89;3;"1"
97;4;"1"
101;1;"1"
104;51;"1"
105;4;"1"
106;1;"1"
108;3;"1"
109;3;"1"
110;9;"1"
111;547;"1"
112;113;"1"
113;169;"1"
114;30;"1"
115;1;"1"
124;1;"1"
139;998;"1"
140;717;"1"
141;362;"1"
142;206;"1"
143;13;"1"
174;1;"1"
217;1;"1"
219;1;"1"
234;1;"1"
246;1;"1"
252;1;"1"
260;1;"1"
281;1;"1"
286;1;"1"
292;1;"1"
294;1;"1"
316;1;"1"
318;1;"1"
319;1;"1"
327;1;"1"
331;1;"1"
335;1;"1"
344;1;"1"
346;1;"1"
384;2;"1"
417;1;"1"
422;1;"1"
428;2;"1"
440;1;"1"
449;1;"1"
489;1;"1"
559;1;"1"
565;1;"1"
577;1;"1"
582;1;"1"
662;1;"1"
737;1;"1"
742;1;"1"
744;1;"1"
752;1;"1"
753;1;"1"
754;1;"1"
756;1;"1"
758;1;"1"
801;1;"1"
823;2;"1"
828;1;"1"
836;1;"1"
849;1;"1"
860;2;"1"
891;1;"1"
895;1;"1"
902;1;"1"
903;1;"1"
909;1;"1"
914;1;"1"
917;1;"1"
926;1;"1"
933;1;"1"
944;1;"1"
945;1;"1"
949;1;"1"
959;1;"1"
969;1;"1"
981;1;"1"
985;1;"1"
993;1;"1"
50;90;"10"
51;23;"10"
52;6;"10"
53;2;"10"
56;3;"10"
59;7;"10"
60;73;"10"
61;13;"10"
62;28;"10"
63;23;"10"
65;7;"10"
66;3;"10"
67;3;"10"
70;2;"10"
72;4;"10"
73;11;"10"
74;8;"10"
75;9;"10"
76;91;"10"
77;16;"10"
78;31;"10"
82;342;"10"
83;998;"10"
84;231;"10"
85;630;"10"
86;40;"10"
87;95;"10"
94;2;"10"
95;41;"10"
96;3;"10"
97;29;"10"
99;14;"10"
100;2;"10"
101;3;"10"
104;4;"10"
106;2;"10"
107;3;"10"
110;56;"10"
111;561;"10"
112;185;"10"
113;360;"10"
114;89;"10"
115;59;"10"
116;12;"10"
117;184;"10"
118;8;"10"
119;179;"10"
120;12;"10"
121;43;"10"
122;2;"10"
123;4;"10"
130;13;"10"
132;11;"10"
134;5;"10"
136;11;"10"
138;5;"10"
139;2;"10"
146;4;"10"
147;653;"10"
148;16;"10"
149;634;"10"
150;18;"10"
151;183;"10"
152;5;"10"
153;15;"10"
158;1;"10"
160;2;"10"
162;1;"10"
165;5;"10"
167;6;"10"
170;7;"10"
171;7;"10"
175;3;"10"
176;1;"10"
179;1;"10"
182;1;"10"
187;2;"10"
192;2;"10"
194;1;"10"
205;2;"10"
206;3;"10"
207;5;"10"
209;3;"10"
210;2;"10"
211;2;"10"
218;2;"10"
219;2;"10"
225;2;"10"
227;1;"10"
240;1;"10"
242;1;"10"
243;2;"10"
256;2;"10"
259;2;"10"
261;2;"10"
263;1;"10"
273;2;"10"
284;1;"10"
293;3;"10"
295;4;"10"
310;2;"10"
316;1;"10"
322;1;"10"
324;2;"10"
325;2;"10"
330;1;"10"
340;2;"10"
344;2;"10"
350;1;"10"
353;3;"10"
360;1;"10"
392;2;"10"
403;2;"10"
409;1;"10"
420;2;"10"
451;2;"10"
474;2;"10"
475;1;"10"
481;2;"10"
501;2;"10"
502;1;"10"
511;2;"10"
517;2;"10"
530;2;"10"
547;1;"10"
565;2;"10"
598;1;"10"
605;1;"10"
674;1;"10"
680;1;"10"
689;1;"10"
709;1;"10"
741;1;"10"
743;2;"10"
765;2;"10"
780;1;"10"
782;2;"10"
783;2;"10"
790;2;"10"
791;2;"10"
793;1;"10"
797;2;"10"
798;2;"10"
806;4;"10"
808;1;"10"
809;1;"10"
811;2;"10"
815;2;"10"
818;1;"10"
827;1;"10"
830;2;"10"
831;2;"10"
836;3;"10"
839;1;"10"
840;3;"10"
841;1;"10"
845;1;"10"
846;1;"10"
859;2;"10"
862;2;"10"
864;3;"10"
867;2;"10"
874;1;"10"
875;1;"10"
877;2;"10"
888;1;"10"
889;3;"10"
894;2;"10"
903;2;"10"
910;2;"10"
911;1;"10"
941;1;"10"
955;1;"10"
958;1;"10"
960;1;"10"
962;1;"10"
971;2;"10"
981;2;"10"
982;2;"10"
987;1;"10"
989;2;"10"
999;2;"10"
50;719;"11"
51;279;"11"
52;134;"11"
55;112;"11"
61;166;"11"
62;107;"11"
63;386;"11"
73;85;"11"
74;445;"11"
75;837;"11"
76;494;"11"
77;596;"11"
78;145;"11"
81;134;"11"
82;370;"11"
86;85;"11"
87;123;"11"
88;150;"11"
89;354;"11"
90;48;"11"
93;75;"11"
97;42;"11"
98;118;"11"
99;177;"11"
100;59;"11"
101;209;"11"
102;112;"11"
103;241;"11"
104;59;"11"
107;48;"11"
108;42;"11"
109;48;"11"
111;112;"11"
112;80;"11"
113;64;"11"
114;64;"11"
115;37;"11"
120;48;"11"
122;32;"11"
125;53;"11"
126;107;"11"
127;37;"11"
128;193;"11"
129;64;"11"
130;48;"11"
132;32;"11"
136;91;"11"
137;96;"11"
138;155;"11"
139;204;"11"
140;37;"11"
141;85;"11"
142;42;"11"
149;64;"11"
150;53;"11"
151;48;"11"
152;155;"11"
163;252;"11"
164;48;"11"
165;999;"11"
166;177;"11"
170;53;"11"
174;37;"11"
178;177;"11"
179;80;"11"
180;64;"11"
182;42;"11"
184;32;"11"
186;48;"11"
193;32;"11"
199;198;"11"
200;139;"11"
201;96;"11"
202;64;"11"
210;37;"11"
211;32;"11"
213;42;"11"
214;32;"11"
215;91;"11"
216;32;"11"
231;37;"11"
234;26;"11"
235;762;"11"
236;102;"11"
237;601;"11"
238;64;"11"
239;75;"11"
242;37;"11"
246;37;"11"
248;64;"11"
249;32;"11"
250;241;"11"
251;53;"11"
252;59;"11"
331;37;"11"
337;37;"11"
344;37;"11"
360;32;"11"
383;26;"11"
425;26;"11"
445;37;"11"
528;37;"11"
530;26;"11"
537;26;"11"
541;42;"11"
542;42;"11"
544;37;"11"
545;26;"11"
546;26;"11"
549;32;"11"
550;26;"11"
564;42;"11"
569;37;"11"
574;32;"11"
576;42;"11"
583;32;"11"
590;26;"11"
613;42;"11"
630;32;"11"
633;26;"11"
642;26;"11"
652;48;"11"
663;42;"11"
669;32;"11"
691;32;"11"
704;37;"11"
729;32;"11"
750;48;"11"
752;32;"11"
753;32;"11"
756;26;"11"
788;32;"11"
789;32;"11"
793;32;"11"
797;32;"11"
804;37;"11"
854;26;"11"
875;42;"11"
887;26;"11"
943;32;"11"
961;53;"11"
985;26;"11"
50;666;"12"
51;613;"12"
61;136;"12"
62;98;"12"
63;355;"12"
74;287;"12"
75;787;"12"
76;264;"12"
85;68;"12"
86;45;"12"
87;219;"12"
88;696;"12"
89;204;"12"
98;60;"12"
99;121;"12"
101;249;"12"
102;143;"12"
106;128;"12"
107;52;"12"
109;45;"12"
110;60;"12"
112;60;"12"
113;52;"12"
115;83;"12"
122;37;"12"
126;83;"12"
128;105;"12"
136;52;"12"
138;60;"12"
151;98;"12"
152;83;"12"
159;401;"12"
161;295;"12"
162;98;"12"
163;60;"12"
173;52;"12"
176;393;"12"
177;227;"12"
178;999;"12"
179;189;"12"
182;68;"12"
197;45;"12"
198;60;"12"
205;45;"12"
212;128;"12"
213;317;"12"
214;45;"12"
217;52;"12"
227;37;"12"
235;98;"12"
236;90;"12"
238;45;"12"
248;348;"12"
250;249;"12"
251;37;"12"
255;68;"12"
269;60;"12"
271;60;"12"
275;45;"12"
279;37;"12"
282;52;"12"
287;37;"12"
294;45;"12"
301;45;"12"
305;52;"12"
316;52;"12"
318;37;"12"
319;45;"12"
320;45;"12"
322;60;"12"
327;60;"12"
329;60;"12"
331;45;"12"
332;75;"12"
337;60;"12"
360;60;"12"
393;75;"12"
398;68;"12"
403;68;"12"
430;60;"12"
432;45;"12"
436;45;"12"
474;45;"12"
511;52;"12"
516;37;"12"
559;45;"12"
655;45;"12"
701;60;"12"
752;45;"12"
758;45;"12"
764;68;"12"
766;68;"12"
767;60;"12"
769;90;"12"
770;37;"12"
778;45;"12"
779;37;"12"
788;37;"12"
818;37;"12"
819;45;"12"
823;45;"12"
840;52;"12"
842;52;"12"
845;45;"12"
871;45;"12"
874;45;"12"
877;52;"12"
883;52;"12"
894;68;"12"
898;45;"12"
903;52;"12"
907;68;"12"
919;60;"12"
921;90;"12"
926;45;"12"
928;45;"12"
929;68;"12"
931;60;"12"
932;45;"12"
934;52;"12"
949;60;"12"
956;83;"12"
957;45;"12"
958;45;"12"
961;60;"12"
965;68;"12"
967;113;"12"
969;52;"12"
972;60;"12"
973;75;"12"
974;60;"12"
983;60;"12"
991;37;"12"
993;45;"12"
997;52;"12"
1000;60;"12"
50;315;"13"
51;123;"13"
52;8;"13"
53;3;"13"
60;17;"13"
61;29;"13"
63;11;"13"
74;117;"13"
75;612;"13"
76;127;"13"
77;29;"13"
84;14;"13"
85;19;"13"
87;15;"13"
93;22;"13"
96;3;"13"
99;13;"13"
100;4;"13"
108;4;"13"
109;1;"13"
110;1;"13"
111;454;"13"
112;22;"13"
113;132;"13"
114;13;"13"
117;2;"13"
125;3;"13"
126;5;"13"
130;3;"13"
139;998;"13"
140;59;"13"
141;293;"13"
144;2;"13"
150;13;"13"
151;9;"13"
152;27;"13"
160;2;"13"
163;3;"13"
179;1;"13"
197;3;"13"
198;3;"13"
203;3;"13"
204;2;"13"
205;3;"13"
214;7;"13"
215;14;"13"
217;9;"13"
218;6;"13"
220;4;"13"
225;3;"13"
226;3;"13"
227;4;"13"
228;3;"13"
229;3;"13"
230;5;"13"
233;1;"13"
236;3;"13"
238;3;"13"
240;4;"13"
244;6;"13"
245;3;"13"
250;84;"13"
251;8;"13"
252;42;"13"
253;8;"13"
254;4;"13"
255;3;"13"
257;3;"13"
262;3;"13"
267;3;"13"
279;4;"13"
281;3;"13"
290;3;"13"
310;3;"13"
315;4;"13"
321;5;"13"
333;4;"13"
354;3;"13"
361;2;"13"
363;1;"13"
366;7;"13"
372;5;"13"
382;5;"13"
391;2;"13"
400;2;"13"
420;3;"13"
426;3;"13"
427;4;"13"
428;5;"13"
446;3;"13"
468;3;"13"
494;4;"13"
503;3;"13"
518;4;"13"
528;3;"13"
547;2;"13"
555;3;"13"
562;1;"13"
613;3;"13"
639;3;"13"
661;3;"13"
664;3;"13"
680;4;"13"
693;3;"13"
716;2;"13"
726;2;"13"
732;3;"13"
742;3;"13"
745;3;"13"
748;3;"13"
753;3;"13"
759;3;"13"
760;4;"13"
765;3;"13"
767;3;"13"
768;2;"13"
781;4;"13"
787;4;"13"
792;4;"13"
840;3;"13"
843;2;"13"
850;2;"13"
856;2;"13"
859;3;"13"
861;3;"13"
863;1;"13"
871;2;"13"
893;2;"13"
895;4;"13"
915;4;"13"
953;1;"13"
957;3;"13"
960;2;"13"
968;3;"13"
972;3;"13"
976;4;"13"
982;1;"13"
988;4;"13"
993;3;"13"
50;438;"14"
51;295;"14"
52;21;"14"
55;10;"14"
56;4;"14"
58;1;"14"
59;1;"14"
60;32;"14"
61;112;"14"
62;169;"14"
63;188;"14"
64;12;"14"
65;2;"14"
67;6;"14"
68;8;"14"
69;2;"14"
70;3;"14"
71;2;"14"
72;20;"14"
73;149;"14"
74;399;"14"
75;664;"14"
76;107;"14"
77;38;"14"
78;3;"14"
79;2;"14"
80;10;"14"
81;7;"14"
82;4;"14"
83;2;"14"
84;38;"14"
85;101;"14"
86;122;"14"
87;258;"14"
88;475;"14"
89;22;"14"
90;1;"14"
92;27;"14"
93;90;"14"
94;24;"14"
96;4;"14"
97;48;"14"
98;134;"14"
99;173;"14"
100;64;"14"
101;119;"14"
102;19;"14"
103;1;"14"
104;2;"14"
105;215;"14"
106;145;"14"
107;25;"14"
108;14;"14"
109;33;"14"
110;93;"14"
111;103;"14"
112;17;"14"
113;46;"14"
114;12;"14"
115;2;"14"
120;4;"14"
121;9;"14"
122;29;"14"
123;161;"14"
124;94;"14"
125;64;"14"
126;55;"14"
127;11;"14"
132;2;"14"
133;4;"14"
134;10;"14"
135;32;"14"
136;124;"14"
137;46;"14"
138;58;"14"
139;9;"14"
140;1;"14"
141;3;"14"
142;3;"14"
144;1;"14"
145;1;"14"
146;5;"14"
147;7;"14"
148;11;"14"
149;52;"14"
150;128;"14"
151;93;"14"
152;17;"14"
153;1;"14"
159;2;"14"
160;17;"14"
161;10;"14"
162;14;"14"
163;21;"14"
164;4;"14"
165;2;"14"
170;8;"14"
171;3;"14"
172;8;"14"
173;17;"14"
174;80;"14"
175;116;"14"
176;525;"14"
177;171;"14"
178;29;"14"
179;3;"14"
183;1;"14"
184;7;"14"
185;5;"14"
186;19;"14"
187;4;"14"
188;5;"14"
189;1;"14"
194;1;"14"
196;1;"14"
197;4;"14"
198;4;"14"
199;3;"14"
200;1;"14"
201;1;"14"
209;1;"14"
210;29;"14"
211;81;"14"
212;998;"14"
213;197;"14"
214;334;"14"
215;57;"14"
216;4;"14"
220;1;"14"
233;32;"14"
234;4;"14"
235;21;"14"
236;2;"14"
237;3;"14"
238;1;"14"
245;1;"14"
246;58;"14"
247;165;"14"
248;74;"14"
249;107;"14"
250;30;"14"
251;18;"14"
252;2;"14"
263;1;"14"
266;1;"14"
267;2;"14"
268;1;"14"
270;1;"14"
281;4;"14"
282;371;"14"
283;67;"14"
284;367;"14"
285;60;"14"
286;118;"14"
287;16;"14"
288;11;"14"
289;1;"14"
50;293;"15"
51;158;"15"
57;21;"15"
58;25;"15"
60;348;"15"
61;56;"15"
62;135;"15"
63;86;"15"
65;78;"15"
66;13;"15"
68;25;"15"
69;37;"15"
72;35;"15"
73;41;"15"
74;37;"15"
75;493;"15"
82;144;"15"
83;231;"15"
85;105;"15"
86;47;"15"
87;47;"15"
89;25;"15"
90;29;"15"
94;33;"15"
95;105;"15"
96;47;"15"
97;131;"15"
99;115;"15"
102;13;"15"
108;25;"15"
111;771;"15"
113;27;"15"
119;70;"15"
121;13;"15"
127;27;"15"
129;25;"15"
130;74;"15"
131;47;"15"
132;31;"15"
134;31;"15"
141;25;"15"
142;19;"15"
143;33;"15"
146;11;"15"
148;25;"15"
157;11;"15"
160;11;"15"
161;27;"15"
163;19;"15"
165;191;"15"
166;13;"15"
167;231;"15"
168;31;"15"
171;23;"15"
175;999;"15"
176;90;"15"
177;350;"15"
179;37;"15"
181;25;"15"
183;9;"15"
187;15;"15"
195;23;"15"
198;15;"15"
200;15;"15"
204;13;"15"
208;29;"15"
211;17;"15"
218;17;"15"
219;19;"15"
224;13;"15"
225;25;"15"
228;13;"15"
236;17;"15"
237;15;"15"
238;17;"15"
243;11;"15"
244;15;"15"
246;17;"15"
272;13;"15"
277;13;"15"
278;13;"15"
282;5;"15"
286;9;"15"
302;15;"15"
308;15;"15"
328;9;"15"
335;17;"15"
343;17;"15"
355;13;"15"
371;11;"15"
388;9;"15"
394;15;"15"
424;13;"15"
428;11;"15"
431;9;"15"
432;9;"15"
445;11;"15"
449;9;"15"
451;9;"15"
455;11;"15"
459;9;"15"
460;9;"15"
461;13;"15"
465;15;"15"
466;13;"15"
468;5;"15"
474;17;"15"
483;11;"15"
488;11;"15"
496;13;"15"
498;11;"15"
499;9;"15"
506;15;"15"
525;13;"15"
532;11;"15"
546;5;"15"
551;11;"15"
556;13;"15"
564;9;"15"
577;9;"15"
582;11;"15"
586;13;"15"
591;17;"15"
592;19;"15"
593;9;"15"
594;17;"15"
600;15;"15"
601;11;"15"
606;21;"15"
607;9;"15"
610;7;"15"
611;19;"15"
615;25;"15"
619;21;"15"
621;11;"15"
623;13;"15"
627;9;"15"
628;17;"15"
629;9;"15"
634;11;"15"
639;13;"15"
642;15;"15"
644;23;"15"
645;13;"15"
650;21;"15"
652;11;"15"
660;23;"15"
662;11;"15"
667;13;"15"
669;17;"15"
670;11;"15"
675;13;"15"
677;9;"15"
686;13;"15"
687;9;"15"
689;13;"15"
690;15;"15"
696;17;"15"
698;9;"15"
702;27;"15"
704;11;"15"
715;13;"15"
720;9;"15"
721;19;"15"
726;11;"15"
727;13;"15"
731;17;"15"
735;9;"15"
737;13;"15"
739;15;"15"
740;19;"15"
743;11;"15"
745;9;"15"
746;13;"15"
751;17;"15"
754;17;"15"
756;19;"15"
759;13;"15"
765;17;"15"
767;17;"15"
769;19;"15"
774;19;"15"
779;11;"15"
783;19;"15"
784;9;"15"
793;15;"15"
795;9;"15"
800;21;"15"
801;13;"15"
802;9;"15"
807;13;"15"
808;11;"15"
809;15;"15"
811;15;"15"
823;9;"15"
826;15;"15"
827;17;"15"
831;11;"15"
836;9;"15"
837;25;"15"
839;5;"15"
840;17;"15"
842;13;"15"
847;11;"15"
850;13;"15"
852;9;"15"
858;15;"15"
860;7;"15"
865;11;"15"
867;27;"15"
868;13;"15"
872;11;"15"
879;17;"15"
880;11;"15"
901;21;"15"
902;9;"15"
904;21;"15"
912;9;"15"
932;15;"15"
946;11;"15"
966;11;"15"
977;15;"15"
995;11;"15"
50;101;"16"
51;73;"16"
52;4;"16"
55;3;"16"
60;7;"16"
61;37;"16"
62;54;"16"
63;51;"16"
64;3;"16"
67;4;"16"
68;4;"16"
69;1;"16"
70;2;"16"
71;1;"16"
72;8;"16"
73;63;"16"
74;162;"16"
75;188;"16"
76;24;"16"
77;6;"16"
79;3;"16"
80;5;"16"
81;11;"16"
82;11;"16"
83;2;"16"
84;32;"16"
85;55;"16"
86;72;"16"
87;184;"16"
88;113;"16"
89;5;"16"
91;1;"16"
92;32;"16"
93;23;"16"
94;7;"16"
95;1;"16"
96;10;"16"
97;34;"16"
98;92;"16"
99;124;"16"
100;25;"16"
101;14;"16"
102;3;"16"
104;21;"16"
105;267;"16"
106;86;"16"
107;6;"16"
108;19;"16"
109;39;"16"
110;75;"16"
111;66;"16"
112;11;"16"
113;19;"16"
114;7;"16"
115;1;"16"
118;1;"16"
119;1;"16"
120;8;"16"
121;17;"16"
122;125;"16"
123;192;"16"
124;82;"16"
125;54;"16"
126;25;"16"
127;18;"16"
128;16;"16"
129;5;"16"
130;1;"16"
131;2;"16"
132;7;"16"
133;17;"16"
134;28;"16"
135;49;"16"
136;26;"16"
137;47;"16"
138;21;"16"
139;5;"16"
140;79;"16"
141;74;"16"
142;24;"16"
143;3;"16"
144;2;"16"
145;4;"16"
146;11;"16"
147;19;"16"
148;14;"16"
149;56;"16"
150;80;"16"
151;19;"16"
152;2;"16"
157;1;"16"
158;3;"16"
159;8;"16"
160;32;"16"
161;16;"16"
162;20;"16"
163;31;"16"
164;12;"16"
165;1;"16"
169;3;"16"
170;63;"16"
171;14;"16"
172;51;"16"
173;35;"16"
174;172;"16"
175;198;"16"
176;560;"16"
177;88;"16"
178;6;"16"
182;2;"16"
183;4;"16"
184;22;"16"
185;14;"16"
186;14;"16"
187;5;"16"
188;2;"16"
194;2;"16"
195;1;"16"
196;4;"16"
197;8;"16"
198;6;"16"
199;14;"16"
200;3;"16"
201;3;"16"
206;1;"16"
207;3;"16"
208;7;"16"
209;13;"16"
210;155;"16"
211;58;"16"
212;63;"16"
213;19;"16"
214;4;"16"
219;1;"16"
220;8;"16"
221;2;"16"
222;4;"16"
223;1;"16"
231;1;"16"
233;20;"16"
234;4;"16"
235;13;"16"
236;2;"16"
237;2;"16"
244;11;"16"
245;33;"16"
246;998;"16"
247;201;"16"
248;697;"16"
249;117;"16"
250;114;"16"
251;17;"16"
252;1;"16"
267;1;"16"
269;1;"16"
279;1;"16"
280;35;"16"
281;58;"16"
282;49;"16"
283;58;"16"
284;27;"16"
285;21;"16"
286;7;"16"
287;3;"16"
288;1;"16"
315;5;"16"
316;307;"16"
317;60;"16"
318;434;"16"
319;73;"16"
320;212;"16"
321;33;"16"
322;45;"16"
323;6;"16"
324;3;"16"
50;241;"17"
51;355;"17"
52;31;"17"
58;25;"17"
59;7;"17"
60;10;"17"
61;62;"17"
62;85;"17"
63;154;"17"
67;9;"17"
68;21;"17"
70;8;"17"
72;10;"17"
73;123;"17"
74;283;"17"
75;502;"17"
76;127;"17"
77;71;"17"
81;26;"17"
82;121;"17"
83;268;"17"
85;125;"17"
86;37;"17"
87;116;"17"
88;267;"17"
89;24;"17"
90;14;"17"
93;20;"17"
94;14;"17"
96;9;"17"
97;19;"17"
98;30;"17"
100;53;"17"
101;137;"17"
102;62;"17"
106;7;"17"
107;17;"17"
108;9;"17"
109;16;"17"
114;17;"17"
119;6;"17"
135;15;"17"
136;33;"17"
137;81;"17"
138;65;"17"
140;14;"17"
148;14;"17"
149;17;"17"
150;31;"17"
151;22;"17"
152;30;"17"
160;17;"17"
161;19;"17"
162;21;"17"
163;95;"17"
164;146;"17"
165;694;"17"
166;34;"17"
167;3;"17"
175;3;"17"
176;93;"17"
177;54;"17"
178;95;"17"
179;6;"17"
191;7;"17"
193;6;"17"
199;290;"17"
200;123;"17"
202;13;"17"
210;3;"17"
213;2;"17"
215;8;"17"
216;6;"17"
220;16;"17"
224;5;"17"
227;5;"17"
228;6;"17"
234;15;"17"
235;998;"17"
236;2;"17"
237;516;"17"
238;53;"17"
239;71;"17"
240;9;"17"
242;8;"17"
245;10;"17"
247;25;"17"
257;7;"17"
260;5;"17"
262;7;"17"
266;7;"17"
273;8;"17"
281;7;"17"
285;10;"17"
288;10;"17"
328;8;"17"
341;10;"17"
342;2;"17"
343;5;"17"
346;3;"17"
347;6;"17"
352;7;"17"
354;9;"17"
366;5;"17"
369;5;"17"
370;9;"17"
374;8;"17"
379;7;"17"
382;6;"17"
384;6;"17"
387;7;"17"
408;10;"17"
413;9;"17"
417;13;"17"
429;6;"17"
437;8;"17"
443;6;"17"
445;8;"17"
447;6;"17"
450;6;"17"
463;8;"17"
492;7;"17"
496;5;"17"
498;3;"17"
505;15;"17"
535;6;"17"
538;5;"17"
542;10;"17"
544;8;"17"
547;6;"17"
554;5;"17"
562;6;"17"
568;6;"17"
572;5;"17"
578;5;"17"
582;8;"17"
596;9;"17"
601;6;"17"
602;5;"17"
608;5;"17"
609;14;"17"
613;13;"17"
626;5;"17"
635;12;"17"
638;8;"17"
645;5;"17"
646;7;"17"
657;8;"17"
662;5;"17"
671;6;"17"
674;6;"17"
679;6;"17"
684;5;"17"
686;9;"17"
688;5;"17"
697;9;"17"
698;6;"17"
701;5;"17"
709;7;"17"
725;7;"17"
726;9;"17"
734;6;"17"
736;6;"17"
738;7;"17"
740;3;"17"
741;6;"17"
747;9;"17"
750;5;"17"
752;5;"17"
755;6;"17"
765;8;"17"
767;7;"17"
782;6;"17"
783;12;"17"
788;7;"17"
794;7;"17"
800;8;"17"
807;8;"17"
811;3;"17"
815;7;"17"
823;5;"17"
836;13;"17"
851;5;"17"
882;6;"17"
892;6;"17"
896;9;"17"
947;7;"17"
959;5;"17"
980;5;"17"
987;4;"17"
50;289;"18"
51;52;"18"
60;36;"18"
62;105;"18"
64;12;"18"
66;6;"18"
68;3;"18"
69;10;"18"
72;8;"18"
73;28;"18"
74;221;"18"
75;249;"18"
76;52;"18"
77;122;"18"
82;266;"18"
83;60;"18"
84;214;"18"
85;67;"18"
86;42;"18"
87;148;"18"
89;47;"18"
95;53;"18"
100;26;"18"
101;50;"18"
103;7;"18"
104;17;"18"
111;72;"18"
112;39;"18"
114;7;"18"
117;142;"18"
119;130;"18"
121;5;"18"
130;26;"18"
131;48;"18"
132;87;"18"
134;17;"18"
135;79;"18"
136;291;"18"
137;15;"18"
138;81;"18"
139;161;"18"
141;998;"18"
142;38;"18"
143;114;"18"
145;1;"18"
146;35;"18"
157;3;"18"
159;57;"18"
165;367;"18"
167;352;"18"
169;94;"18"
170;85;"18"
171;48;"18"
172;84;"18"
182;3;"18"
204;1;"18"
205;16;"18"
206;244;"18"
207;85;"18"
208;131;"18"
209;26;"18"
210;28;"18"
222;2;"18"
241;30;"18"
243;39;"18"
245;16;"18"
266;2;"18"
301;2;"18"
304;2;"18"
306;12;"18"
307;95;"18"
308;15;"18"
309;66;"18"
310;6;"18"
313;6;"18"
323;3;"18"
330;3;"18"
374;2;"18"
406;2;"18"
425;2;"18"
436;2;"18"
438;2;"18"
443;2;"18"
451;2;"18"
523;2;"18"
535;2;"18"
536;4;"18"
544;3;"18"
559;2;"18"
568;3;"18"
573;2;"18"
577;3;"18"
586;2;"18"
589;2;"18"
595;3;"18"
596;2;"18"
597;2;"18"
607;3;"18"
610;3;"18"
618;4;"18"
626;3;"18"
636;2;"18"
641;3;"18"
666;2;"18"
673;3;"18"
688;2;"18"
689;3;"18"
690;2;"18"
714;2;"18"
743;2;"18"
744;3;"18"
762;3;"18"
771;3;"18"
774;3;"18"
802;3;"18"
804;2;"18"
814;3;"18"
819;2;"18"
828;2;"18"
847;3;"18"
857;1;"18"
859;3;"18"
895;1;"18"
900;2;"18"
903;2;"18"
904;3;"18"
913;2;"18"
922;1;"18"
952;1;"18"
956;2;"18"
978;2;"18"
988;3;"18"
992;3;"18"
994;1;"18"
1000;2;"18"
50;112;"19"
51;130;"19"
53;147;"19"
55;78;"19"
57;27;"19"
60;99;"19"
61;205;"19"
62;133;"19"
63;348;"19"
64;75;"19"
66;37;"19"
67;92;"19"
68;218;"19"
69;85;"19"
71;37;"19"
72;181;"19"
73;239;"19"
74;280;"19"
75;352;"19"
81;27;"19"
82;34;"19"
83;65;"19"
84;205;"19"
85;297;"19"
86;773;"19"
87;239;"19"
89;47;"19"
90;82;"19"
92;44;"19"
94;58;"19"
95;41;"19"
96;126;"19"
97;164;"19"
98;314;"19"
99;136;"19"
100;92;"19"
103;208;"19"
104;164;"19"
105;150;"19"
107;102;"19"
108;205;"19"
109;266;"19"
110;369;"19"
111;164;"19"
112;34;"19"
113;51;"19"
114;47;"19"
118;195;"19"
119;167;"19"
120;106;"19"
121;160;"19"
122;195;"19"
132;23;"19"
133;116;"19"
135;253;"19"
136;208;"19"
137;444;"19"
138;58;"19"
143;30;"19"
149;51;"19"
153;23;"19"
154;23;"19"
158;23;"19"
162;30;"19"
167;30;"19"
171;30;"19"
172;153;"19"
173;437;"19"
174;88;"19"
175;143;"19"
181;20;"19"
188;17;"19"
192;30;"19"
194;30;"19"
195;20;"19"
201;20;"19"
207;297;"19"
208;27;"19"
209;198;"19"
211;65;"19"
218;34;"19"
235;58;"19"
236;999;"19"
237;177;"19"
238;485;"19"
239;54;"19"
240;41;"19"
269;51;"19"
270;636;"19"
271;147;"19"
272;543;"19"
273;106;"19"
274;280;"19"
275;23;"19"
282;34;"19"
305;23;"19"
306;280;"19"
308;390;"19"
309;54;"19"
310;143;"19"
311;23;"19"
410;17;"19"
415;34;"19"
440;20;"19"
450;44;"19"
457;20;"19"
481;20;"19"
489;23;"19"
493;23;"19"
501;20;"19"
510;23;"19"
515;34;"19"
523;17;"19"
544;23;"19"
708;20;"19"
758;27;"19"
791;30;"19"
812;20;"19"
814;17;"19"
818;23;"19"
857;30;"19"
928;20;"19"
935;20;"19"
941;23;"19"
942;27;"19"
946;27;"19"
982;20;"19"
993;34;"19"
997;17;"19"
50;508;"2"
51;258;"2"
52;18;"2"
54;4;"2"
55;10;"2"
56;2;"2"
59;3;"2"
60;115;"2"
61;228;"2"
62;240;"2"
63;146;"2"
64;8;"2"
66;4;"2"
67;99;"2"
68;169;"2"
69;43;"2"
70;1;"2"
71;13;"2"
72;69;"2"
73;221;"2"
74;531;"2"
75;460;"2"
76;48;"2"
77;5;"2"
82;23;"2"
83;15;"2"
84;136;"2"
85;338;"2"
86;215;"2"
87;102;"2"
88;12;"2"
89;16;"2"
90;2;"2"
91;1;"2"
94;3;"2"
95;9;"2"
96;46;"2"
97;116;"2"
98;149;"2"
99;421;"2"
100;116;"2"
101;143;"2"
102;13;"2"
103;22;"2"
104;20;"2"
105;6;"2"
106;1;"2"
107;17;"2"
108;54;"2"
109;108;"2"
110;37;"2"
111;51;"2"
112;9;"2"
113;5;"2"
118;4;"2"
119;5;"2"
120;10;"2"
121;21;"2"
122;6;"2"
123;9;"2"
124;1;"2"
125;1;"2"
131;10;"2"
132;4;"2"
133;20;"2"
134;36;"2"
135;289;"2"
136;999;"2"
137;180;"2"
138;311;"2"
139;28;"2"
140;1;"2"
143;1;"2"
144;3;"2"
145;2;"2"
146;29;"2"
147;2;"2"
148;17;"2"
149;1;"2"
150;2;"2"
157;3;"2"
159;2;"2"
169;1;"2"
170;82;"2"
171;748;"2"
172;131;"2"
173;472;"2"
174;57;"2"
175;73;"2"
176;6;"2"
206;585;"2"
207;55;"2"
208;562;"2"
209;52;"2"
210;175;"2"
211;15;"2"
212;18;"2"
213;1;"2"
50;334;"20"
51;248;"20"
52;26;"20"
53;2;"20"
55;10;"20"
56;3;"20"
60;20;"20"
61;69;"20"
62;131;"20"
63;194;"20"
64;16;"20"
65;6;"20"
66;1;"20"
67;5;"20"
68;10;"20"
69;12;"20"
70;3;"20"
71;1;"20"
72;14;"20"
73;107;"20"
74;248;"20"
75;477;"20"
76;103;"20"
77;61;"20"
78;3;"20"
79;2;"20"
80;4;"20"
81;48;"20"
82;180;"20"
83;189;"20"
84;36;"20"
85;181;"20"
86;86;"20"
87;153;"20"
88;206;"20"
89;60;"20"
90;4;"20"
92;6;"20"
93;35;"20"
94;11;"20"
96;5;"20"
97;32;"20"
98;71;"20"
99;119;"20"
100;86;"20"
101;166;"20"
102;98;"20"
103;7;"20"
105;23;"20"
106;44;"20"
107;13;"20"
108;6;"20"
109;20;"20"
110;33;"20"
111;60;"20"
112;22;"20"
113;36;"20"
114;25;"20"
115;20;"20"
116;2;"20"
120;1;"20"
121;5;"20"
122;11;"20"
123;37;"20"
124;15;"20"
125;31;"20"
126;26;"20"
127;9;"20"
128;1;"20"
132;1;"20"
133;2;"20"
134;6;"20"
135;20;"20"
136;82;"20"
137;98;"20"
138;55;"20"
139;55;"20"
140;5;"20"
146;4;"20"
147;4;"20"
148;4;"20"
149;28;"20"
150;54;"20"
151;47;"20"
152;22;"20"
153;2;"20"
159;3;"20"
160;8;"20"
161;12;"20"
162;24;"20"
163;141;"20"
164;141;"20"
165;747;"20"
166;113;"20"
167;7;"20"
170;2;"20"
171;10;"20"
172;16;"20"
173;19;"20"
174;34;"20"
175;41;"20"
176;171;"20"
177;65;"20"
178;83;"20"
179;14;"20"
180;1;"20"
184;2;"20"
185;2;"20"
186;6;"20"
187;2;"20"
188;2;"20"
189;1;"20"
197;1;"20"
198;4;"20"
199;253;"20"
200;154;"20"
201;108;"20"
202;53;"20"
203;9;"20"
204;1;"20"
210;4;"20"
211;5;"20"
212;91;"20"
213;22;"20"
214;34;"20"
215;5;"20"
221;1;"20"
222;1;"20"
233;4;"20"
234;4;"20"
235;998;"20"
236;154;"20"
237;655;"20"
238;99;"20"
239;109;"20"
240;14;"20"
247;9;"20"
248;13;"20"
249;9;"20"
250;5;"20"
251;1;"20"
282;3;"20"
283;2;"20"
284;5;"20"
285;3;"20"
286;1;"20"
318;8;"20"
319;1;"20"
320;11;"20"
321;2;"20"
322;5;"20"
324;1;"20"
50;360;"21"
60;141;"21"
63;330;"21"
74;612;"21"
75;794;"21"
76;100;"21"
78;59;"21"
81;29;"21"
82;111;"21"
87;219;"21"
89;59;"21"
94;200;"21"
106;44;"21"
111;300;"21"
112;144;"21"
113;345;"21"
126;33;"21"
129;48;"21"
130;63;"21"
137;40;"21"
139;37;"21"
148;152;"21"
150;92;"21"
151;29;"21"
162;44;"21"
164;137;"21"
172;33;"21"
178;25;"21"
183;999;"21"
184;137;"21"
185;512;"21"
186;144;"21"
187;159;"21"
188;29;"21"
189;237;"21"
190;107;"21"
191;33;"21"
192;29;"21"
199;100;"21"
200;63;"21"
208;25;"21"
214;126;"21"
223;55;"21"
224;33;"21"
225;167;"21"
227;89;"21"
233;11;"21"
234;37;"21"
243;51;"21"
250;63;"21"
252;29;"21"
259;460;"21"
260;85;"21"
261;349;"21"
262;141;"21"
263;48;"21"
268;22;"21"
273;14;"21"
277;11;"21"
295;222;"21"
296;89;"21"
297;219;"21"
299;59;"21"
300;55;"21"
302;18;"21"
428;25;"21"
443;18;"21"
465;29;"21"
487;7;"21"
495;25;"21"
498;25;"21"
501;11;"21"
507;37;"21"
510;29;"21"
512;29;"21"
513;18;"21"
529;22;"21"
544;14;"21"
568;22;"21"
593;7;"21"
617;25;"21"
630;22;"21"
659;25;"21"
694;29;"21"
718;33;"21"
729;33;"21"
867;25;"21"
884;29;"21"
903;37;"21"
908;14;"21"
50;413;"22"
51;157;"22"
52;7;"22"
53;3;"22"
57;5;"22"
58;4;"22"
60;8;"22"
61;46;"22"
62;30;"22"
63;74;"22"
64;17;"22"
65;6;"22"
68;1;"22"
69;38;"22"
70;10;"22"
71;5;"22"
72;7;"22"
73;101;"22"
74;238;"22"
75;772;"22"
76;126;"22"
77;22;"22"
78;1;"22"
79;15;"22"
80;1;"22"
81;9;"22"
82;8;"22"
83;1;"22"
84;24;"22"
85;87;"22"
86;13;"22"
87;50;"22"
88;3;"22"
89;5;"22"
91;2;"22"
92;1;"22"
93;30;"22"
94;9;"22"
95;22;"22"
96;16;"22"
97;4;"22"
98;6;"22"
99;95;"22"
100;6;"22"
101;32;"22"
102;2;"22"
105;1;"22"
106;2;"22"
107;5;"22"
108;38;"22"
109;6;"22"
110;9;"22"
111;441;"22"
112;57;"22"
113;135;"22"
114;11;"22"
115;19;"22"
117;5;"22"
123;1;"22"
124;10;"22"
125;3;"22"
126;3;"22"
127;35;"22"
128;2;"22"
129;10;"22"
130;1;"22"
131;157;"22"
132;9;"22"
133;54;"22"
134;3;"22"
135;2;"22"
136;1;"22"
138;1;"22"
139;3;"22"
140;1;"22"
142;3;"22"
143;9;"22"
144;2;"22"
145;3;"22"
146;1;"22"
149;2;"22"
150;11;"22"
151;15;"22"
152;27;"22"
153;3;"22"
159;998;"22"
160;72;"22"
161;350;"22"
162;27;"22"
163;13;"22"
168;4;"22"
173;1;"22"
175;17;"22"
176;1;"22"
177;4;"22"
184;2;"22"
185;1;"22"
186;13;"22"
187;2;"22"
188;3;"22"
202;1;"22"
205;1;"22"
222;3;"22"
224;2;"22"
285;1;"22"
286;76;"22"
287;13;"22"
288;57;"22"
289;8;"22"
290;10;"22"
291;1;"22"
50;282;"23"
51;196;"23"
52;13;"23"
55;4;"23"
56;2;"23"
60;10;"23"
61;44;"23"
62;84;"23"
63;129;"23"
64;10;"23"
65;3;"23"
67;3;"23"
68;8;"23"
69;8;"23"
70;3;"23"
71;1;"23"
72;9;"23"
73;81;"23"
74;188;"23"
75;325;"23"
76;53;"23"
77;30;"23"
78;2;"23"
79;1;"23"
80;4;"23"
81;30;"23"
82;138;"23"
83;15;"23"
84;33;"23"
85;60;"23"
86;65;"23"
87;110;"23"
88;134;"23"
89;30;"23"
90;2;"23"
91;1;"23"
92;10;"23"
93;20;"23"
94;6;"23"
95;1;"23"
96;6;"23"
97;26;"23"
98;58;"23"
99;119;"23"
100;56;"23"
101;68;"23"
102;13;"23"
103;1;"23"
104;3;"23"
105;75;"23"
106;62;"23"
107;15;"23"
108;9;"23"
109;21;"23"
110;33;"23"
111;53;"23"
112;15;"23"
113;31;"23"
114;16;"23"
115;14;"23"
116;1;"23"
117;47;"23"
118;2;"23"
119;43;"23"
120;4;"23"
121;20;"23"
122;20;"23"
123;88;"23"
124;42;"23"
125;31;"23"
126;21;"23"
127;8;"23"
128;1;"23"
132;2;"23"
133;7;"23"
134;10;"23"
135;40;"23"
136;108;"23"
137;42;"23"
138;48;"23"
139;28;"23"
140;8;"23"
141;6;"23"
142;3;"23"
143;1;"23"
145;1;"23"
146;8;"23"
147;5;"23"
148;8;"23"
149;22;"23"
150;32;"23"
151;25;"23"
152;10;"23"
153;1;"23"
157;1;"23"
158;1;"23"
159;7;"23"
160;14;"23"
161;13;"23"
162;20;"23"
163;124;"23"
164;122;"23"
165;829;"23"
166;157;"23"
167;14;"23"
168;1;"23"
169;1;"23"
170;23;"23"
171;27;"23"
172;23;"23"
173;29;"23"
174;42;"23"
175;47;"23"
176;169;"23"
177;46;"23"
178;17;"23"
179;3;"23"
180;1;"23"
182;1;"23"
183;2;"23"
184;6;"23"
185;5;"23"
186;9;"23"
187;3;"23"
188;3;"23"
189;2;"23"
190;1;"23"
191;1;"23"
193;1;"23"
194;1;"23"
195;1;"23"
196;2;"23"
197;5;"23"
198;6;"23"
199;215;"23"
200;108;"23"
201;95;"23"
202;45;"23"
203;10;"23"
204;2;"23"
205;1;"23"
206;16;"23"
207;3;"23"
208;16;"23"
209;4;"23"
210;32;"23"
211;15;"23"
212;134;"23"
213;28;"23"
214;40;"23"
215;8;"23"
216;1;"23"
217;1;"23"
218;1;"23"
219;1;"23"
220;2;"23"
221;2;"23"
222;2;"23"
223;1;"23"
224;2;"23"
225;1;"23"
226;1;"23"
227;1;"23"
228;1;"23"
233;5;"23"
234;6;"23"
235;998;"23"
236;194;"23"
237;896;"23"
238;138;"23"
239;148;"23"
240;19;"23"
241;1;"23"
244;1;"23"
245;2;"23"
246;84;"23"
247;34;"23"
248;63;"23"
249;22;"23"
250;14;"23"
251;4;"23"
280;4;"23"
281;12;"23"
282;40;"23"
283;20;"23"
284;38;"23"
285;11;"23"
286;13;"23"
287;2;"23"
288;1;"23"
316;18;"23"
317;17;"23"
318;28;"23"
319;22;"23"
320;16;"23"
321;11;"23"
322;5;"23"
323;2;"23"
352;16;"23"
353;3;"23"
354;27;"23"
355;4;"23"
356;16;"23"
357;2;"23"
358;5;"23"
359;1;"23"
50;462;"24"
51;294;"24"
52;32;"24"
56;17;"24"
60;45;"24"
61;73;"24"
62;157;"24"
63;304;"24"
64;14;"24"
65;17;"24"
67;9;"24"
69;13;"24"
72;4;"24"
73;136;"24"
74;134;"24"
75;660;"24"
76;114;"24"
77;128;"24"
79;44;"24"
80;14;"24"
81;49;"24"
82;97;"24"
83;32;"24"
84;37;"24"
85;106;"24"
86;56;"24"
87;132;"24"
88;51;"24"
89;65;"24"
90;14;"24"
91;8;"24"
93;6;"24"
94;24;"24"
95;15;"24"
97;34;"24"
98;61;"24"
99;112;"24"
100;55;"24"
101;40;"24"
102;8;"24"
103;7;"24"
105;18;"24"
106;42;"24"
107;45;"24"
109;19;"24"
110;49;"24"
111;152;"24"
112;120;"24"
113;120;"24"
114;85;"24"
115;36;"24"
116;6;"24"
117;19;"24"
118;87;"24"
119;310;"24"
120;358;"24"
121;15;"24"
122;5;"24"
123;36;"24"
124;10;"24"
125;48;"24"
126;12;"24"
127;23;"24"
130;6;"24"
131;5;"24"
132;10;"24"
133;4;"24"
134;12;"24"
136;15;"24"
137;61;"24"
138;60;"24"
139;63;"24"
140;9;"24"
143;3;"24"
146;4;"24"
148;5;"24"
149;42;"24"
150;38;"24"
151;22;"24"
152;10;"24"
154;4;"24"
155;8;"24"
156;11;"24"
160;4;"24"
161;30;"24"
162;41;"24"
163;457;"24"
164;340;"24"
165;816;"24"
166;124;"24"
167;24;"24"
168;3;"24"
170;4;"24"
172;2;"24"
173;21;"24"
174;3;"24"
175;72;"24"
176;24;"24"
177;24;"24"
178;9;"24"
182;6;"24"
183;9;"24"
184;9;"24"
185;6;"24"
186;16;"24"
187;27;"24"
188;21;"24"
189;14;"24"
191;7;"24"
194;6;"24"
199;998;"24"
200;221;"24"
201;322;"24"
202;52;"24"
204;4;"24"
210;6;"24"
211;22;"24"
212;11;"24"
213;27;"24"
215;6;"24"
221;8;"24"
225;15;"24"
226;9;"24"
229;6;"24"
232;6;"24"
233;60;"24"
234;24;"24"
235;182;"24"
237;173;"24"
238;59;"24"
239;192;"24"
240;112;"24"
241;100;"24"
242;30;"24"
248;6;"24"
249;9;"24"
251;6;"24"
257;3;"24"
258;9;"24"
259;4;"24"
262;9;"24"
266;7;"24"
270;8;"24"
273;13;"24"
274;7;"24"
275;86;"24"
276;67;"24"
277;57;"24"
278;24;"24"
279;15;"24"
281;6;"24"
283;4;"24"
284;2;"24"
285;6;"24"
287;6;"24"
291;3;"24"
295;3;"24"
298;7;"24"
309;6;"24"
310;3;"24"
311;579;"24"
312;161;"24"
313;339;"24"
314;104;"24"
315;61;"24"
316;10;"24"
317;4;"24"
334;6;"24"
336;5;"24"
339;4;"24"
345;7;"24"
346;117;"24"
347;30;"24"
348;138;"24"
349;37;"24"
350;33;"24"
351;11;"24"
352;11;"24"
353;3;"24"
355;3;"24"
356;4;"24"
369;9;"24"
370;6;"24"
384;6;"24"
385;4;"24"
387;5;"24"
394;3;"24"
423;3;"24"
444;6;"24"
450;5;"24"
455;3;"24"
459;4;"24"
463;5;"24"
468;6;"24"
469;4;"24"
474;5;"24"
491;6;"24"
497;4;"24"
501;7;"24"
502;2;"24"
503;6;"24"
505;6;"24"
518;5;"24"
527;6;"24"
529;5;"24"
533;4;"24"
536;4;"24"
540;5;"24"
546;3;"24"
554;5;"24"
559;6;"24"
562;6;"24"
565;8;"24"
594;3;"24"
599;6;"24"
602;4;"24"
605;6;"24"
610;6;"24"
613;4;"24"
616;5;"24"
617;2;"24"
618;3;"24"
622;3;"24"
630;6;"24"
632;5;"24"
634;6;"24"
637;7;"24"
639;3;"24"
642;7;"24"
644;3;"24"
645;7;"24"
653;7;"24"
654;6;"24"
657;4;"24"
658;5;"24"
659;7;"24"
660;5;"24"
661;3;"24"
662;6;"24"
663;4;"24"
665;2;"24"
667;8;"24"
677;8;"24"
686;5;"24"
698;6;"24"
710;7;"24"
713;6;"24"
721;4;"24"
723;4;"24"
724;4;"24"
728;6;"24"
729;4;"24"
732;6;"24"
735;4;"24"
740;1;"24"
747;6;"24"
748;5;"24"
749;6;"24"
750;3;"24"
757;12;"24"
759;4;"24"
761;3;"24"
762;3;"24"
763;7;"24"
766;4;"24"
771;3;"24"
774;6;"24"
775;9;"24"
777;6;"24"
780;3;"24"
783;6;"24"
784;6;"24"
786;8;"24"
787;3;"24"
788;1;"24"
790;3;"24"
794;5;"24"
795;6;"24"
800;3;"24"
805;6;"24"
808;3;"24"
821;5;"24"
825;3;"24"
826;4;"24"
829;3;"24"
831;7;"24"
832;4;"24"
844;6;"24"
846;4;"24"
847;4;"24"
848;4;"24"
853;3;"24"
855;4;"24"
865;5;"24"
878;3;"24"
883;4;"24"
886;6;"24"
887;5;"24"
888;9;"24"
889;6;"24"
891;5;"24"
894;3;"24"
896;5;"24"
897;13;"24"
898;6;"24"
900;6;"24"
902;9;"24"
903;4;"24"
905;6;"24"
909;6;"24"
911;4;"24"
924;3;"24"
932;6;"24"
937;6;"24"
940;4;"24"
948;3;"24"
953;6;"24"
960;5;"24"
961;4;"24"
963;6;"24"
966;5;"24"
968;5;"24"
971;4;"24"
973;7;"24"
977;5;"24"
978;4;"24"
986;3;"24"
988;5;"24"
997;4;"24"
50;204;"25"
51;218;"25"
55;12;"25"
60;9;"25"
61;44;"25"
62;85;"25"
63;324;"25"
64;5;"25"
65;49;"25"
68;5;"25"
73;101;"25"
74;109;"25"
75;406;"25"
76;71;"25"
77;136;"25"
78;8;"25"
79;7;"25"
81;48;"25"
82;102;"25"
83;37;"25"
84;5;"25"
85;46;"25"
86;42;"25"
87;94;"25"
88;70;"25"
89;67;"25"
90;9;"25"
94;5;"25"
95;5;"25"
97;21;"25"
98;43;"25"
99;90;"25"
100;92;"25"
101;241;"25"
102;46;"25"
103;17;"25"
105;15;"25"
109;85;"25"
110;42;"25"
111;104;"25"
112;25;"25"
113;43;"25"
114;21;"25"
115;19;"25"
116;5;"25"
117;13;"25"
118;11;"25"
119;9;"25"
122;6;"25"
123;28;"25"
124;13;"25"
125;98;"25"
126;53;"25"
127;107;"25"
128;111;"25"
129;38;"25"
135;13;"25"
136;27;"25"
137;17;"25"
138;25;"25"
139;42;"25"
140;7;"25"
145;14;"25"
146;8;"25"
147;25;"25"
148;6;"25"
149;23;"25"
150;31;"25"
151;36;"25"
152;3;"25"
159;35;"25"
160;9;"25"
161;25;"25"
162;49;"25"
163;204;"25"
164;125;"25"
165;795;"25"
166;79;"25"
167;11;"25"
171;7;"25"
172;5;"25"
173;13;"25"
174;7;"25"
175;10;"25"
176;42;"25"
177;9;"25"
178;3;"25"
181;3;"25"
183;4;"25"
185;5;"25"
186;13;"25"
187;5;"25"
188;9;"25"
189;30;"25"
190;13;"25"
193;3;"25"
197;3;"25"
198;6;"25"
199;236;"25"
200;174;"25"
201;135;"25"
202;117;"25"
203;64;"25"
204;38;"25"
205;13;"25"
208;5;"25"
212;42;"25"
213;11;"25"
215;3;"25"
216;5;"25"
218;5;"25"
219;3;"25"
221;3;"25"
225;17;"25"
227;3;"25"
232;3;"25"
234;7;"25"
235;998;"25"
236;132;"25"
237;605;"25"
238;89;"25"
239;109;"25"
240;19;"25"
242;8;"25"
243;3;"25"
245;3;"25"
246;4;"25"
248;11;"25"
249;4;"25"
251;7;"25"
254;4;"25"
258;3;"25"
260;4;"25"
265;3;"25"
268;5;"25"
275;13;"25"
277;10;"25"
281;3;"25"
283;9;"25"
298;4;"25"
303;3;"25"
307;3;"25"
309;7;"25"
310;17;"25"
311;9;"25"
312;9;"25"
314;5;"25"
315;5;"25"
325;3;"25"
326;5;"25"
327;3;"25"
328;3;"25"
334;3;"25"
336;5;"25"
342;3;"25"
345;3;"25"
346;7;"25"
348;7;"25"
349;7;"25"
352;3;"25"
357;4;"25"
373;3;"25"
374;4;"25"
381;4;"25"
391;3;"25"
472;5;"25"
482;5;"25"
497;5;"25"
521;3;"25"
526;4;"25"
528;3;"25"
592;4;"25"
601;4;"25"
605;6;"25"
619;4;"25"
625;3;"25"
632;3;"25"
648;7;"25"
664;3;"25"
683;3;"25"
699;3;"25"
701;3;"25"
707;4;"25"
708;3;"25"
715;5;"25"
720;4;"25"
723;7;"25"
726;5;"25"
727;7;"25"
728;5;"25"
731;5;"25"
752;3;"25"
755;5;"25"
757;4;"25"
763;5;"25"
770;3;"25"
772;3;"25"
773;4;"25"
774;4;"25"
783;5;"25"
792;5;"25"
797;3;"25"
798;5;"25"
804;5;"25"
823;5;"25"
837;3;"25"
848;3;"25"
849;4;"25"
856;3;"25"
857;4;"25"
864;5;"25"
866;4;"25"
871;3;"25"
873;3;"25"
885;3;"25"
896;3;"25"
904;3;"25"
908;3;"25"
911;3;"25"
918;3;"25"
919;3;"25"
938;3;"25"
948;5;"25"
951;3;"25"
969;3;"25"
978;3;"25"
979;6;"25"
984;4;"25"
50;538;"26"
51;263;"26"
52;19;"26"
60;66;"26"
61;148;"26"
62;160;"26"
63;102;"26"
64;9;"26"
65;13;"26"
66;3;"26"
68;80;"26"
69;36;"26"
70;5;"26"
71;9;"26"
72;27;"26"
73;163;"26"
74;349;"26"
75;956;"26"
76;142;"26"
77;65;"26"
80;3;"26"
81;3;"26"
83;14;"26"
84;107;"26"
85;248;"26"
86;93;"26"
87;62;"26"
89;60;"26"
94;5;"26"
95;8;"26"
96;22;"26"
97;45;"26"
98;62;"26"
99;282;"26"
100;40;"26"
101;72;"26"
102;6;"26"
103;14;"26"
104;4;"26"
105;7;"26"
107;12;"26"
108;17;"26"
109;40;"26"
110;31;"26"
111;976;"26"
112;71;"26"
113;261;"26"
114;20;"26"
115;2;"26"
117;52;"26"
118;4;"26"
119;53;"26"
120;7;"26"
123;41;"26"
124;9;"26"
125;10;"26"
126;6;"26"
127;18;"26"
128;5;"26"
129;6;"26"
131;9;"26"
132;8;"26"
133;6;"26"
134;20;"26"
135;141;"26"
136;467;"26"
137;85;"26"
138;101;"26"
139;235;"26"
140;34;"26"
141;65;"26"
142;8;"26"
143;3;"26"
144;5;"26"
146;14;"26"
148;4;"26"
151;4;"26"
152;15;"26"
157;7;"26"
159;35;"26"
160;9;"26"
161;28;"26"
162;3;"26"
163;6;"26"
164;2;"26"
165;3;"26"
170;92;"26"
171;335;"26"
172;95;"26"
173;173;"26"
174;27;"26"
175;998;"26"
176;68;"26"
177;341;"26"
178;22;"26"
179;6;"26"
181;3;"26"
182;3;"26"
188;4;"26"
189;4;"26"
203;2;"26"
205;11;"26"
206;147;"26"
207;36;"26"
208;178;"26"
209;27;"26"
210;60;"26"
212;4;"26"
215;4;"26"
223;2;"26"
224;2;"26"
228;2;"26"
235;4;"26"
246;3;"26"
258;6;"26"
263;3;"26"
270;2;"26"
313;3;"26"
314;9;"26"
315;91;"26"
316;9;"26"
317;67;"26"
318;10;"26"
319;14;"26"
321;3;"26"
333;2;"26"
337;3;"26"
342;2;"26"
343;2;"26"
350;2;"26"
351;2;"26"
364;3;"26"
365;3;"26"
379;2;"26"
391;3;"26"
398;2;"26"
502;2;"26"
505;3;"26"
547;2;"26"
550;4;"26"
606;2;"26"
630;2;"26"
657;2;"26"
671;3;"26"
696;3;"26"
704;3;"26"
746;2;"26"
785;3;"26"
786;3;"26"
789;3;"26"
793;2;"26"
811;2;"26"
813;3;"26"
817;3;"26"
819;3;"26"
822;3;"26"
825;2;"26"
829;2;"26"
830;4;"26"
831;3;"26"
835;3;"26"
845;4;"26"
848;2;"26"
855;2;"26"
857;4;"26"
860;2;"26"
863;3;"26"
866;4;"26"
869;2;"26"
872;3;"26"
903;5;"26"
962;2;"26"
965;4;"26"
970;4;"26"
983;2;"26"
50;294;"3"
54;24;"3"
59;17;"3"
61;312;"3"
66;32;"3"
67;115;"3"
71;21;"3"
73;226;"3"
74;390;"3"
75;197;"3"
77;16;"3"
80;15;"3"
82;47;"3"
84;163;"3"
85;315;"3"
86;165;"3"
94;28;"3"
95;31;"3"
96;111;"3"
97;145;"3"
98;211;"3"
99;379;"3"
102;134;"3"
103;117;"3"
107;35;"3"
108;127;"3"
110;50;"3"
114;12;"3"
115;8;"3"
120;47;"3"
121;65;"3"
122;27;"3"
123;27;"3"
125;10;"3"
128;13;"3"
132;10;"3"
133;101;"3"
134;78;"3"
140;10;"3"
141;10;"3"
143;20;"3"
144;10;"3"
154;6;"3"
155;21;"3"
157;8;"3"
160;10;"3"
163;9;"3"
167;12;"3"
169;39;"3"
170;999;"3"
172;530;"3"
174;86;"3"
195;9;"3"
205;538;"3"
207;501;"3"
209;106;"3"
240;235;"3"
241;20;"3"
242;291;"3"
243;32;"3"
244;131;"3"
245;9;"3"
246;21;"3"
277;5;"3"
284;8;"3"
293;8;"3"
299;13;"3"
316;9;"3"
330;8;"3"
349;8;"3"
357;12;"3"
374;6;"3"
396;6;"3"
406;8;"3"
410;8;"3"
419;6;"3"
445;8;"3"
450;8;"3"
454;8;"3"
470;6;"3"
479;10;"3"
486;12;"3"
496;9;"3"
498;6;"3"
502;4;"3"
507;9;"3"
508;8;"3"
509;5;"3"
520;8;"3"
521;10;"3"
528;4;"3"
540;12;"3"
545;9;"3"
550;9;"3"
562;6;"3"
570;13;"3"
576;8;"3"
606;9;"3"
608;8;"3"
626;6;"3"
637;9;"3"
661;13;"3"
664;8;"3"
675;10;"3"
683;9;"3"
710;6;"3"
717;6;"3"
737;13;"3"
784;8;"3"
799;15;"3"
875;8;"3"
886;8;"3"
922;8;"3"
958;8;"3"
964;10;"3"
986;12;"3"
50;155;"4"
51;157;"4"
54;16;"4"
56;47;"4"
57;64;"4"
60;62;"4"
61;79;"4"
62;140;"4"
63;243;"4"
64;49;"4"
65;33;"4"
72;20;"4"
73;153;"4"
74;231;"4"
75;204;"4"
76;20;"4"
77;28;"4"
83;21;"4"
84;35;"4"
85;69;"4"
86;67;"4"
87;54;"4"
88;21;"4"
89;160;"4"
90;30;"4"
91;32;"4"
92;15;"4"
93;13;"4"
94;10;"4"
96;23;"4"
97;33;"4"
99;64;"4"
101;33;"4"
102;8;"4"
112;10;"4"
113;72;"4"
114;70;"4"
115;138;"4"
116;11;"4"
123;35;"4"
125;42;"4"
126;11;"4"
133;20;"4"
136;27;"4"
137;15;"4"
148;11;"4"
149;998;"4"
150;92;"4"
151;321;"4"
152;54;"4"
171;11;"4"
181;10;"4"
183;11;"4"
184;10;"4"
185;191;"4"
186;28;"4"
187;109;"4"
189;16;"4"
199;20;"4"
201;40;"4"
211;10;"4"
220;62;"4"
222;40;"4"
223;11;"4"
224;10;"4"
225;11;"4"
229;10;"4"
232;10;"4"
234;11;"4"
236;11;"4"
237;15;"4"
238;10;"4"
239;15;"4"
246;8;"4"
248;8;"4"
250;11;"4"
256;10;"4"
262;8;"4"
272;10;"4"
274;10;"4"
275;16;"4"
292;10;"4"
297;11;"4"
303;8;"4"
307;8;"4"
317;11;"4"
321;6;"4"
327;8;"4"
330;20;"4"
337;8;"4"
338;13;"4"
340;16;"4"
369;10;"4"
406;8;"4"
492;11;"4"
497;10;"4"
560;11;"4"
586;11;"4"
669;5;"4"
670;16;"4"
681;11;"4"
684;13;"4"
703;8;"4"
722;8;"4"
729;15;"4"
738;8;"4"
747;8;"4"
748;15;"4"
750;5;"4"
752;8;"4"
756;8;"4"
763;15;"4"
790;11;"4"
795;10;"4"
872;8;"4"
883;11;"4"
894;6;"4"
896;8;"4"
897;10;"4"
905;20;"4"
906;18;"4"
913;5;"4"
914;10;"4"
920;15;"4"
925;11;"4"
926;11;"4"
928;13;"4"
931;10;"4"
933;10;"4"
936;11;"4"
946;8;"4"
962;10;"4"
964;13;"4"
966;11;"4"
987;6;"4"
989;15;"4"
50;325;"5"
51;89;"5"
52;3;"5"
53;6;"5"
55;1;"5"
58;1;"5"
59;1;"5"
60;17;"5"
61;66;"5"
62;65;"5"
63;68;"5"
64;4;"5"
65;2;"5"
68;1;"5"
71;2;"5"
72;13;"5"
73;71;"5"
74;168;"5"
75;397;"5"
76;106;"5"
77;13;"5"
78;8;"5"
82;2;"5"
83;60;"5"
84;31;"5"
85;96;"5"
86;21;"5"
87;33;"5"
88;5;"5"
89;38;"5"
90;2;"5"
96;3;"5"
97;13;"5"
98;3;"5"
99;15;"5"
100;1;"5"
101;4;"5"
104;2;"5"
108;1;"5"
109;2;"5"
110;9;"5"
111;421;"5"
112;43;"5"
113;136;"5"
114;9;"5"
123;31;"5"
124;8;"5"
125;11;"5"
126;1;"5"
133;2;"5"
135;3;"5"
136;2;"5"
138;2;"5"
139;999;"5"
140;74;"5"
141;318;"5"
142;18;"5"
159;41;"5"
160;2;"5"
161;25;"5"
162;2;"5"
163;2;"5"
224;1;"5"
381;1;"5"
564;1;"5"
965;1;"5"
50;29;"6"
51;155;"6"
52;18;"6"
53;37;"6"
59;13;"6"
60;168;"6"
61;67;"6"
62;54;"6"
63;136;"6"
64;23;"6"
65;113;"6"
67;22;"6"
68;13;"6"
69;88;"6"
70;9;"6"
72;10;"6"
73;80;"6"
75;743;"6"
76;125;"6"
77;237;"6"
78;19;"6"
82;160;"6"
83;427;"6"
84;116;"6"
85;250;"6"
86;26;"6"
87;69;"6"
89;9;"6"
90;7;"6"
94;11;"6"
95;95;"6"
97;67;"6"
103;88;"6"
104;140;"6"
105;53;"6"
106;39;"6"
110;279;"6"
111;238;"6"
112;203;"6"
113;134;"6"
114;36;"6"
115;35;"6"
117;99;"6"
118;7;"6"
119;95;"6"
121;37;"6"
123;15;"6"
124;11;"6"
125;13;"6"
130;995;"6"
131;41;"6"
132;998;"6"
133;28;"6"
134;266;"6"
135;10;"6"
136;20;"6"
139;99;"6"
140;10;"6"
141;59;"6"
143;23;"6"
150;6;"6"
174;33;"6"
175;11;"6"
178;22;"6"
179;18;"6"
194;7;"6"
195;18;"6"
197;7;"6"
199;10;"6"
203;10;"6"
205;20;"6"
235;7;"6"
241;7;"6"
243;6;"6"
281;6;"6"
323;9;"6"
335;7;"6"
351;6;"6"
364;7;"6"
378;9;"6"
383;11;"6"
385;10;"6"
412;9;"6"
416;10;"6"
427;7;"6"
428;6;"6"
459;6;"6"
477;11;"6"
481;6;"6"
495;10;"6"
496;6;"6"
500;6;"6"
540;10;"6"
548;6;"6"
573;9;"6"
574;9;"6"
585;10;"6"
620;6;"6"
631;10;"6"
683;7;"6"
756;6;"6"
812;7;"6"
837;9;"6"
921;7;"6"
937;7;"6"
959;9;"6"
962;13;"6"
966;9;"6"
970;9;"6"
985;7;"6"
50;298;"7"
51;128;"7"
52;6;"7"
54;2;"7"
55;5;"7"
56;1;"7"
59;2;"7"
60;69;"7"
61;127;"7"
62;152;"7"
63;121;"7"
64;7;"7"
66;2;"7"
67;53;"7"
68;79;"7"
69;20;"7"
70;1;"7"
71;8;"7"
72;41;"7"
73;153;"7"
74;251;"7"
75;250;"7"
76;28;"7"
77;4;"7"
82;35;"7"
83;11;"7"
84;92;"7"
85;216;"7"
86;148;"7"
87;72;"7"
88;11;"7"
89;77;"7"
90;6;"7"
94;4;"7"
95;10;"7"
96;23;"7"
97;74;"7"
98;84;"7"
99;206;"7"
100;58;"7"
101;83;"7"
102;16;"7"
103;34;"7"
104;26;"7"
105;7;"7"
106;1;"7"
107;12;"7"
108;28;"7"
109;47;"7"
110;19;"7"
111;35;"7"
112;6;"7"
113;6;"7"
117;24;"7"
118;1;"7"
119;27;"7"
120;9;"7"
121;21;"7"
122;5;"7"
123;73;"7"
124;27;"7"
125;25;"7"
126;8;"7"
130;5;"7"
131;6;"7"
132;8;"7"
133;30;"7"
134;23;"7"
135;98;"7"
136;308;"7"
137;55;"7"
138;91;"7"
139;8;"7"
143;1;"7"
144;1;"7"
145;1;"7"
146;22;"7"
147;1;"7"
148;14;"7"
149;1;"7"
150;1;"7"
157;2;"7"
158;2;"7"
159;998;"7"
160;83;"7"
161;656;"7"
162;51;"7"
163;102;"7"
164;7;"7"
169;5;"7"
170;112;"7"
171;147;"7"
172;87;"7"
173;91;"7"
174;20;"7"
175;13;"7"
176;1;"7"
204;1;"7"
205;51;"7"
206;194;"7"
207;67;"7"
208;189;"7"
209;32;"7"
210;59;"7"
211;6;"7"
212;5;"7"
240;19;"7"
241;21;"7"
242;27;"7"
243;26;"7"
244;13;"7"
245;12;"7"
246;3;"7"
247;2;"7"
276;11;"7"
277;1;"7"
278;19;"7"
279;1;"7"
280;12;"7"
281;1;"7"
282;3;"7"
50;302;"8"
51;344;"8"
52;34;"8"
53;14;"8"
54;1;"8"
55;3;"8"
56;1;"8"
57;1;"8"
58;1;"8"
59;2;"8"
60;30;"8"
61;81;"8"
62;113;"8"
63;132;"8"
64;10;"8"
65;6;"8"
66;4;"8"
67;7;"8"
68;14;"8"
69;3;"8"
70;1;"8"
71;4;"8"
72;19;"8"
73;87;"8"
74;152;"8"
75;213;"8"
76;93;"8"
77;999;"8"
78;85;"8"
79;7;"8"
80;3;"8"
81;1;"8"
82;71;"8"
83;29;"8"
84;78;"8"
85;78;"8"
86;53;"8"
87;39;"8"
88;11;"8"
89;162;"8"
90;14;"8"
91;2;"8"
94;1;"8"
95;3;"8"
96;8;"8"
97;32;"8"
98;19;"8"
99;58;"8"
100;12;"8"
101;20;"8"
102;3;"8"
103;1;"8"
104;4;"8"
105;46;"8"
106;4;"8"
107;3;"8"
108;7;"8"
109;12;"8"
110;11;"8"
111;86;"8"
112;43;"8"
113;325;"8"
114;36;"8"
115;95;"8"
116;6;"8"
117;49;"8"
118;1;"8"
119;51;"8"
120;2;"8"
121;19;"8"
122;1;"8"
123;47;"8"
124;38;"8"
125;28;"8"
126;12;"8"
127;5;"8"
131;1;"8"
132;1;"8"
133;8;"8"
134;3;"8"
135;20;"8"
136;49;"8"
137;12;"8"
138;18;"8"
139;87;"8"
140;16;"8"
141;897;"8"
142;73;"8"
143;279;"8"
144;22;"8"
145;1;"8"
146;2;"8"
148;1;"8"
152;21;"8"
153;1;"8"
154;7;"8"
157;1;"8"
158;2;"8"
159;92;"8"
160;8;"8"
161;58;"8"
162;5;"8"
163;9;"8"
170;7;"8"
171;29;"8"
172;9;"8"
173;19;"8"
174;2;"8"
175;2;"8"
187;8;"8"
188;2;"8"
189;6;"8"
190;1;"8"
193;1;"8"
195;1;"8"
206;20;"8"
207;1;"8"
208;18;"8"
209;1;"8"
210;6;"8"
222;1;"8"
50;445;"9"
51;263;"9"
52;12;"9"
56;16;"9"
58;11;"9"
60;17;"9"
61;85;"9"
62;186;"9"
63;477;"9"
64;23;"9"
65;69;"9"
67;9;"9"
68;9;"9"
69;12;"9"
73;141;"9"
74;230;"9"
75;410;"9"
76;115;"9"
77;44;"9"
78;13;"9"
81;95;"9"
82;472;"9"
83;75;"9"
85;76;"9"
86;61;"9"
87;114;"9"
88;34;"9"
89;459;"9"
90;70;"9"
97;21;"9"
98;25;"9"
99;145;"9"
100;41;"9"
101;79;"9"
102;13;"9"
103;11;"9"
110;27;"9"
111;34;"9"
112;8;"9"
113;48;"9"
114;14;"9"
115;49;"9"
121;6;"9"
123;21;"9"
125;202;"9"
126;25;"9"
127;75;"9"
136;20;"9"
137;15;"9"
138;28;"9"
139;62;"9"
140;14;"9"
143;5;"9"
150;10;"9"
151;13;"9"
152;5;"9"
161;10;"9"
162;15;"9"
163;115;"9"
164;108;"9"
165;998;"9"
166;734;"9"
167;93;"9"
168;9;"9"
173;7;"9"
174;5;"9"
178;9;"9"
179;6;"9"
196;6;"9"
199;40;"9"
200;26;"9"
201;688;"9"
202;71;"9"
203;221;"9"
204;42;"9"
235;31;"9"
236;254;"9"
237;53;"9"
238;161;"9"
239;24;"9"
240;14;"9"
247;5;"9"
252;10;"9"
258;5;"9"
268;4;"9"
294;5;"9"
317;4;"9"
338;5;"9"
340;4;"9"
349;4;"9"
354;5;"9"
364;5;"9"
413;5;"9"
477;8;"9"
500;4;"9"
544;6;"9"
546;5;"9"
560;4;"9"
566;4;"9"
571;7;"9"
572;5;"9"
584;6;"9"
596;4;"9"
598;5;"9"
602;5;"9"
612;5;"9"
620;7;"9"
646;5;"9"
653;4;"9"
687;6;"9"
718;9;"9"
749;5;"9"
764;5;"9"
770;5;"9"
775;5;"9"
787;4;"9"
838;6;"9"
856;5;"9"
863;4;"9"
866;4;"9"
874;5;"9"
883;4;"9"
890;5;"9"
896;6;"9"
899;5;"9"
901;5;"9"
903;5;"9"
907;6;"9"
927;5;"9"
928;4;"9"
940;6;"9"
962;4;"9"
989;5;"9"
50;566;"K1"
51;707;"K1"
52;43;"K1"
53;20;"K1"
58;6;"K1"
61;23;"K1"
62;41;"K1"
63;46;"K1"
74;248;"K1"
75;474;"K1"
76;207;"K1"
77;884;"K1"
78;45;"K1"
81;4;"K1"
83;3;"K1"
84;3;"K1"
85;50;"K1"
86;11;"K1"
87;12;"K1"
93;4;"K1"
94;44;"K1"
95;2;"K1"
98;14;"K1"
99;7;"K1"
100;2;"K1"
101;2;"K1"
104;16;"K1"
105;999;"K1"
106;58;"K1"
109;3;"K1"
111;486;"K1"
112;2;"K1"
113;139;"K1"
114;8;"K1"
116;3;"K1"
126;7;"K1"
139;750;"K1"
140;44;"K1"
141;176;"K1"
142;10;"K1"
151;5;"K1"
152;37;"K1"
153;9;"K1"
180;2;"K1"
181;107;"K1"
182;13;"K1"
188;9;"K1"
203;2;"K1"
215;5;"K1"
216;251;"K1"
217;15;"K1"
218;59;"K1"
219;9;"K1"
221;2;"K1"
222;3;"K1"
279;2;"K1"
307;3;"K1"
309;1;"K1"
316;2;"K1"
321;2;"K1"
324;2;"K1"
340;3;"K1"
376;2;"K1"
392;2;"K1"
425;2;"K1"
441;2;"K1"
450;2;"K1"
454;2;"K1"
456;3;"K1"
459;3;"K1"
460;3;"K1"
461;4;"K1"
464;2;"K1"
469;2;"K1"
472;2;"K1"
479;4;"K1"
489;3;"K1"
509;3;"K1"
531;1;"K1"
533;2;"K1"
536;2;"K1"
556;2;"K1"
564;2;"K1"
598;2;"K1"
621;6;"K1"
652;2;"K1"
688;2;"K1"
742;2;"K1"
751;1;"K1"
754;3;"K1"
765;3;"K1"
767;1;"K1"
769;2;"K1"
800;2;"K1"
802;3;"K1"
822;3;"K1"
838;3;"K1"
849;3;"K1"
869;3;"K1"
883;2;"K1"
889;3;"K1"
895;1;"K1"
937;2;"K1"
969;3;"K1"
50;268;"K10"
51;221;"K10"
52;40;"K10"
61;52;"K10"
62;147;"K10"
63;231;"K10"
65;33;"K10"
70;24;"K10"
72;24;"K10"
73;144;"K10"
74;394;"K10"
75;601;"K10"
76;92;"K10"
80;21;"K10"
84;18;"K10"
85;110;"K10"
86;126;"K10"
87;101;"K10"
88;456;"K10"
89;43;"K10"
92;30;"K10"
93;83;"K10"
95;61;"K10"
98;138;"K10"
99;92;"K10"
100;49;"K10"
101;135;"K10"
102;18;"K10"
104;21;"K10"
105;98;"K10"
106;95;"K10"
107;36;"K10"
109;58;"K10"
110;43;"K10"
111;80;"K10"
113;80;"K10"
114;36;"K10"
116;30;"K10"
122;21;"K10"
123;141;"K10"
124;43;"K10"
125;117;"K10"
126;67;"K10"
127;27;"K10"
135;36;"K10"
136;33;"K10"
137;36;"K10"
138;24;"K10"
139;533;"K10"
141;107;"K10"
142;27;"K10"
144;24;"K10"
149;70;"K10"
150;104;"K10"
151;120;"K10"
152;27;"K10"
167;21;"K10"
168;40;"K10"
173;18;"K10"
174;92;"K10"
175;80;"K10"
176;524;"K10"
177;228;"K10"
178;36;"K10"
179;18;"K10"
184;36;"K10"
189;36;"K10"
195;24;"K10"
198;30;"K10"
201;40;"K10"
206;18;"K10"
209;36;"K10"
211;86;"K10"
212;998;"K10"
213;181;"K10"
214;231;"K10"
215;27;"K10"
216;36;"K10"
219;49;"K10"
220;30;"K10"
224;27;"K10"
227;21;"K10"
228;33;"K10"
231;24;"K10"
232;24;"K10"
238;15;"K10"
239;27;"K10"
246;52;"K10"
247;135;"K10"
248;80;"K10"
249;114;"K10"
250;52;"K10"
256;24;"K10"
257;61;"K10"
258;27;"K10"
260;24;"K10"
263;18;"K10"
266;33;"K10"
267;27;"K10"
268;36;"K10"
275;234;"K10"
276;21;"K10"
277;129;"K10"
279;36;"K10"
280;49;"K10"
282;157;"K10"
283;43;"K10"
284;132;"K10"
285;24;"K10"
286;21;"K10"
287;24;"K10"
288;30;"K10"
289;163;"K10"
290;27;"K10"
291;114;"K10"
292;52;"K10"
294;30;"K10"
303;18;"K10"
308;15;"K10"
317;15;"K10"
322;15;"K10"
323;15;"K10"
338;27;"K10"
341;21;"K10"
349;15;"K10"
355;27;"K10"
365;21;"K10"
384;21;"K10"
418;18;"K10"
426;24;"K10"
429;15;"K10"
433;27;"K10"
436;15;"K10"
459;15;"K10"
461;24;"K10"
481;15;"K10"
483;15;"K10"
495;30;"K10"
502;30;"K10"
503;24;"K10"
506;21;"K10"
507;18;"K10"
509;21;"K10"
512;18;"K10"
513;18;"K10"
514;24;"K10"
524;15;"K10"
526;15;"K10"
531;18;"K10"
535;21;"K10"
545;21;"K10"
548;18;"K10"
557;33;"K10"
558;24;"K10"
559;21;"K10"
578;21;"K10"
586;18;"K10"
595;24;"K10"
596;27;"K10"
598;30;"K10"
599;27;"K10"
605;24;"K10"
609;15;"K10"
610;30;"K10"
611;21;"K10"
618;15;"K10"
635;24;"K10"
651;24;"K10"
656;18;"K10"
678;18;"K10"
698;30;"K10"
700;18;"K10"
716;18;"K10"
740;18;"K10"
762;24;"K10"
898;27;"K10"
931;24;"K10"
936;24;"K10"
50;373;"K11"
51;199;"K11"
52;11;"K11"
55;14;"K11"
56;4;"K11"
60;22;"K11"
61;62;"K11"
62;142;"K11"
63;183;"K11"
64;10;"K11"
67;8;"K11"
68;11;"K11"
69;12;"K11"
70;3;"K11"
72;18;"K11"
73;116;"K11"
74;286;"K11"
75;471;"K11"
76;66;"K11"
77;31;"K11"
81;38;"K11"
82;199;"K11"
83;19;"K11"
84;49;"K11"
85;94;"K11"
86;93;"K11"
87;135;"K11"
88;139;"K11"
89;28;"K11"
90;2;"K11"
92;16;"K11"
93;25;"K11"
95;3;"K11"
97;26;"K11"
98;88;"K11"
99;161;"K11"
100;71;"K11"
101;79;"K11"
102;7;"K11"
105;91;"K11"
106;57;"K11"
107;10;"K11"
108;13;"K11"
109;29;"K11"
110;39;"K11"
111;71;"K11"
112;18;"K11"
113;32;"K11"
114;12;"K11"
115;12;"K11"
116;4;"K11"
117;90;"K11"
118;2;"K11"
119;94;"K11"
120;5;"K11"
121;33;"K11"
122;20;"K11"
123;80;"K11"
124;34;"K11"
125;17;"K11"
126;15;"K11"
127;3;"K11"
132;4;"K11"
133;11;"K11"
134;15;"K11"
135;45;"K11"
136;145;"K11"
137;46;"K11"
138;50;"K11"
139;22;"K11"
140;5;"K11"
145;2;"K11"
146;11;"K11"
147;5;"K11"
148;11;"K11"
149;24;"K11"
150;38;"K11"
151;25;"K11"
152;10;"K11"
159;3;"K11"
160;13;"K11"
161;9;"K11"
162;17;"K11"
163;125;"K11"
164;110;"K11"
165;751;"K11"
166;93;"K11"
170;21;"K11"
171;23;"K11"
172;15;"K11"
173;31;"K11"
174;29;"K11"
175;43;"K11"
176;156;"K11"
177;25;"K11"
178;11;"K11"
185;5;"K11"
194;1;"K11"
199;185;"K11"
200;117;"K11"
201;72;"K11"
202;30;"K11"
203;7;"K11"
206;6;"K11"
208;13;"K11"
209;3;"K11"
210;19;"K11"
211;7;"K11"
212;132;"K11"
213;19;"K11"
214;34;"K11"
215;3;"K11"
217;2;"K11"
220;3;"K11"
222;2;"K11"
223;2;"K11"
224;2;"K11"
225;2;"K11"
228;2;"K11"
233;3;"K11"
234;7;"K11"
235;999;"K11"
236;132;"K11"
237;639;"K11"
238;82;"K11"
239;95;"K11"
240;10;"K11"
241;2;"K11"
244;1;"K11"
246;63;"K11"
247;21;"K11"
248;34;"K11"
249;7;"K11"
250;5;"K11"
251;3;"K11"
269;2;"K11"
281;5;"K11"
282;9;"K11"
283;6;"K11"
284;22;"K11"
285;3;"K11"
286;3;"K11"
313;1;"K11"
315;1;"K11"
316;4;"K11"
317;10;"K11"
318;3;"K11"
319;9;"K11"
320;2;"K11"
327;2;"K11"
332;1;"K11"
334;2;"K11"
336;2;"K11"
352;2;"K11"
353;2;"K11"
354;11;"K11"
355;4;"K11"
364;1;"K11"
386;1;"K11"
394;1;"K11"
402;1;"K11"
406;1;"K11"
418;1;"K11"
419;2;"K11"
427;2;"K11"
430;2;"K11"
449;1;"K11"
452;1;"K11"
478;1;"K11"
481;1;"K11"
485;2;"K11"
488;1;"K11"
494;2;"K11"
500;1;"K11"
504;1;"K11"
510;2;"K11"
572;1;"K11"
577;2;"K11"
579;2;"K11"
589;3;"K11"
590;1;"K11"
593;2;"K11"
608;1;"K11"
620;1;"K11"
657;1;"K11"
687;1;"K11"
689;1;"K11"
708;1;"K11"
710;2;"K11"
730;2;"K11"
747;2;"K11"
748;1;"K11"
753;2;"K11"
758;2;"K11"
775;1;"K11"
796;1;"K11"
799;2;"K11"
811;1;"K11"
820;3;"K11"
825;1;"K11"
833;1;"K11"
839;1;"K11"
842;1;"K11"
844;2;"K11"
845;1;"K11"
847;3;"K11"
849;2;"K11"
850;2;"K11"
860;1;"K11"
866;2;"K11"
867;3;"K11"
870;2;"K11"
876;1;"K11"
878;1;"K11"
887;2;"K11"
894;1;"K11"
903;2;"K11"
907;1;"K11"
913;2;"K11"
922;2;"K11"
923;1;"K11"
924;3;"K11"
944;2;"K11"
952;1;"K11"
958;1;"K11"
959;2;"K11"
961;2;"K11"
962;1;"K11"
963;1;"K11"
964;1;"K11"
970;1;"K11"
971;1;"K11"
978;2;"K11"
989;2;"K11"
995;1;"K11"
1000;1;"K11"
50;515;"K2"
51;350;"K2"
52;73;"K2"
60;21;"K2"
61;100;"K2"
62;230;"K2"
63;404;"K2"
64;70;"K2"
65;43;"K2"
68;19;"K2"
70;19;"K2"
72;16;"K2"
73;103;"K2"
74;276;"K2"
75;363;"K2"
76;59;"K2"
77;70;"K2"
81;51;"K2"
82;477;"K2"
83;46;"K2"
84;24;"K2"
85;62;"K2"
86;100;"K2"
87;119;"K2"
88;24;"K2"
89;450;"K2"
90;57;"K2"
91;62;"K2"
98;86;"K2"
99;181;"K2"
100;73;"K2"
101;40;"K2"
103;24;"K2"
109;16;"K2"
110;35;"K2"
111;62;"K2"
113;73;"K2"
115;57;"K2"
117;19;"K2"
123;35;"K2"
125;255;"K2"
126;19;"K2"
127;59;"K2"
135;24;"K2"
138;35;"K2"
139;81;"K2"
144;16;"K2"
147;21;"K2"
150;13;"K2"
151;46;"K2"
155;16;"K2"
161;24;"K2"
162;16;"K2"
163;154;"K2"
164;160;"K2"
165;999;"K2"
166;749;"K2"
167;62;"K2"
199;57;"K2"
201;800;"K2"
202;114;"K2"
203;230;"K2"
213;24;"K2"
225;16;"K2"
230;19;"K2"
236;255;"K2"
237;54;"K2"
238;173;"K2"
240;40;"K2"
268;21;"K2"
277;13;"K2"
293;19;"K2"
331;27;"K2"
332;21;"K2"
345;16;"K2"
347;13;"K2"
375;13;"K2"
400;13;"K2"
412;16;"K2"
453;21;"K2"
479;16;"K2"
481;13;"K2"
490;19;"K2"
493;24;"K2"
500;24;"K2"
504;21;"K2"
505;24;"K2"
506;13;"K2"
527;27;"K2"
548;13;"K2"
554;19;"K2"
562;32;"K2"
565;24;"K2"
567;21;"K2"
575;16;"K2"
577;16;"K2"
589;19;"K2"
595;32;"K2"
613;13;"K2"
634;24;"K2"
639;29;"K2"
652;19;"K2"
654;19;"K2"
718;13;"K2"
836;13;"K2"
839;13;"K2"
884;19;"K2"
892;13;"K2"
922;16;"K2"
938;27;"K2"
941;13;"K2"
944;21;"K2"
948;16;"K2"
951;21;"K2"
955;19;"K2"
956;13;"K2"
965;13;"K2"
966;13;"K2"
977;24;"K2"
979;27;"K2"
989;27;"K2"
992;38;"K2"
999;13;"K2"
50;231;"K3"
51;90;"K3"
52;5;"K3"
53;8;"K3"
55;1;"K3"
60;6;"K3"
61;29;"K3"
62;19;"K3"
63;23;"K3"
64;1;"K3"
72;6;"K3"
73;37;"K3"
74;174;"K3"
75;566;"K3"
76;120;"K3"
77;22;"K3"
78;1;"K3"
80;1;"K3"
84;21;"K3"
85;61;"K3"
86;20;"K3"
87;27;"K3"
88;2;"K3"
89;1;"K3"
93;23;"K3"
94;7;"K3"
97;3;"K3"
98;9;"K3"
99;8;"K3"
100;2;"K3"
101;3;"K3"
102;1;"K3"
104;6;"K3"
105;1;"K3"
108;2;"K3"
109;4;"K3"
110;19;"K3"
111;514;"K3"
112;47;"K3"
113;163;"K3"
114;11;"K3"
122;2;"K3"
123;1;"K3"
125;4;"K3"
126;3;"K3"
138;3;"K3"
139;998;"K3"
140;80;"K3"
141;338;"K3"
142;25;"K3"
149;2;"K3"
150;18;"K3"
151;22;"K3"
152;30;"K3"
153;3;"K3"
160;1;"K3"
163;1;"K3"
179;1;"K3"
180;1;"K3"
186;4;"K3"
187;1;"K3"
188;1;"K3"
214;2;"K3"
215;13;"K3"
216;3;"K3"
217;4;"K3"
222;1;"K3"
250;124;"K3"
251;18;"K3"
252;83;"K3"
253;11;"K3"
254;13;"K3"
255;1;"K3"
50;339;"K4"
51;113;"K4"
52;3;"K4"
53;12;"K4"
56;1;"K4"
60;6;"K4"
61;36;"K4"
62;22;"K4"
63;25;"K4"
72;4;"K4"
73;44;"K4"
74;192;"K4"
75;590;"K4"
76;145;"K4"
77;18;"K4"
80;1;"K4"
84;19;"K4"
85;70;"K4"
86;17;"K4"
87;26;"K4"
88;2;"K4"
89;1;"K4"
93;25;"K4"
94;8;"K4"
97;3;"K4"
98;8;"K4"
99;7;"K4"
100;1;"K4"
101;3;"K4"
102;1;"K4"
104;10;"K4"
107;2;"K4"
108;3;"K4"
109;3;"K4"
110;11;"K4"
111;567;"K4"
112;53;"K4"
113;180;"K4"
114;10;"K4"
122;1;"K4"
123;2;"K4"
125;4;"K4"
126;3;"K4"
138;1;"K4"
139;998;"K4"
140;78;"K4"
141;320;"K4"
142;21;"K4"
143;1;"K4"
149;2;"K4"
150;11;"K4"
151;12;"K4"
152;22;"K4"
153;1;"K4"
180;1;"K4"
186;3;"K4"
187;1;"K4"
188;1;"K4"
215;23;"K4"
216;4;"K4"
217;6;"K4"
222;1;"K4"
250;102;"K4"
251;13;"K4"
252;64;"K4"
253;8;"K4"
254;9;"K4"
255;1;"K4"
50;103;"K5"
51;44;"K5"
52;3;"K5"
53;6;"K5"
55;1;"K5"
60;6;"K5"
61;23;"K5"
62;16;"K5"
63;17;"K5"
64;1;"K5"
70;1;"K5"
72;5;"K5"
73;37;"K5"
74;173;"K5"
75;569;"K5"
76;134;"K5"
77;18;"K5"
80;2;"K5"
81;1;"K5"
84;16;"K5"
85;61;"K5"
86;18;"K5"
87;26;"K5"
88;3;"K5"
89;1;"K5"
93;35;"K5"
94;12;"K5"
97;3;"K5"
98;10;"K5"
99;7;"K5"
100;2;"K5"
101;4;"K5"
104;12;"K5"
105;1;"K5"
108;3;"K5"
109;5;"K5"
110;24;"K5"
111;780;"K5"
112;89;"K5"
113;246;"K5"
114;17;"K5"
122;2;"K5"
123;2;"K5"
124;1;"K5"
125;4;"K5"
126;3;"K5"
138;2;"K5"
139;998;"K5"
140;81;"K5"
141;365;"K5"
142;29;"K5"
143;1;"K5"
149;3;"K5"
150;21;"K5"
151;23;"K5"
152;44;"K5"
153;5;"K5"
160;1;"K5"
161;1;"K5"
163;1;"K5"
179;1;"K5"
180;4;"K5"
185;1;"K5"
186;6;"K5"
187;2;"K5"
188;2;"K5"
214;1;"K5"
215;56;"K5"
216;9;"K5"
217;17;"K5"
218;2;"K5"
222;3;"K5"
224;2;"K5"
249;1;"K5"
250;173;"K5"
251;26;"K5"
252;108;"K5"
253;15;"K5"
254;18;"K5"
255;3;"K5"
50;132;"K6"
51;105;"K6"
53;33;"K6"
57;14;"K6"
61;97;"K6"
62;170;"K6"
63;369;"K6"
65;12;"K6"
69;21;"K6"
72;25;"K6"
73;94;"K6"
74;133;"K6"
75;204;"K6"
76;69;"K6"
77;30;"K6"
81;80;"K6"
82;283;"K6"
84;43;"K6"
86;92;"K6"
87;92;"K6"
88;32;"K6"
89;118;"K6"
90;16;"K6"
92;11;"K6"
97;33;"K6"
98;63;"K6"
99;60;"K6"
100;61;"K6"
101;61;"K6"
102;15;"K6"
103;11;"K6"
110;28;"K6"
114;32;"K6"
115;50;"K6"
123;9;"K6"
126;14;"K6"
127;11;"K6"
137;14;"K6"
138;22;"K6"
140;42;"K6"
143;12;"K6"
149;19;"K6"
162;32;"K6"
163;209;"K6"
164;149;"K6"
165;998;"K6"
166;76;"K6"
167;18;"K6"
176;14;"K6"
180;18;"K6"
183;11;"K6"
196;8;"K6"
199;195;"K6"
200;69;"K6"
201;98;"K6"
202;21;"K6"
203;11;"K6"
220;12;"K6"
221;14;"K6"
227;12;"K6"
235;631;"K6"
236;102;"K6"
237;394;"K6"
238;46;"K6"
239;49;"K6"
243;8;"K6"
245;16;"K6"
254;11;"K6"
255;9;"K6"
267;22;"K6"
277;19;"K6"
278;8;"K6"
281;15;"K6"
284;14;"K6"
308;8;"K6"
314;7;"K6"
323;8;"K6"
331;9;"K6"
332;14;"K6"
335;9;"K6"
354;9;"K6"
356;8;"K6"
357;15;"K6"
360;16;"K6"
362;7;"K6"
365;14;"K6"
366;9;"K6"
367;9;"K6"
370;11;"K6"
371;11;"K6"
373;7;"K6"
377;15;"K6"
383;8;"K6"
393;7;"K6"
402;14;"K6"
412;8;"K6"
413;19;"K6"
421;9;"K6"
422;11;"K6"
427;8;"K6"
434;8;"K6"
438;12;"K6"
442;12;"K6"
444;12;"K6"
445;8;"K6"
448;15;"K6"
453;8;"K6"
459;8;"K6"
466;16;"K6"
470;8;"K6"
472;8;"K6"
473;9;"K6"
475;16;"K6"
477;9;"K6"
479;14;"K6"
482;14;"K6"
488;7;"K6"
490;15;"K6"
491;7;"K6"
494;11;"K6"
498;11;"K6"
499;9;"K6"
501;7;"K6"
502;9;"K6"
503;12;"K6"
508;11;"K6"
510;7;"K6"
512;11;"K6"
517;16;"K6"
527;11;"K6"
529;7;"K6"
530;8;"K6"
578;9;"K6"
582;9;"K6"
587;8;"K6"
601;7;"K6"
619;8;"K6"
639;9;"K6"
640;9;"K6"
655;12;"K6"
656;7;"K6"
669;8;"K6"
735;9;"K6"
767;9;"K6"
788;9;"K6"
811;7;"K6"
820;9;"K6"
822;9;"K6"
828;12;"K6"
834;8;"K6"
836;14;"K6"
871;8;"K6"
877;14;"K6"
911;12;"K6"
916;15;"K6"
922;11;"K6"
926;15;"K6"
931;11;"K6"
932;11;"K6"
938;7;"K6"
939;8;"K6"
951;15;"K6"
962;9;"K6"
963;14;"K6"
964;15;"K6"
966;8;"K6"
967;7;"K6"
970;8;"K6"
979;9;"K6"
981;9;"K6"
986;9;"K6"
989;9;"K6"
992;9;"K6"
50;287;"K7"
51;182;"K7"
52;10;"K7"
55;10;"K7"
56;2;"K7"
57;1;"K7"
58;1;"K7"
60;35;"K7"
61;116;"K7"
62;145;"K7"
63;129;"K7"
64;9;"K7"
65;1;"K7"
66;2;"K7"
67;11;"K7"
68;11;"K7"
69;3;"K7"
70;4;"K7"
71;3;"K7"
72;29;"K7"
73;153;"K7"
74;348;"K7"
75;391;"K7"
76;50;"K7"
77;13;"K7"
78;1;"K7"
79;5;"K7"
80;7;"K7"
81;17;"K7"
82;25;"K7"
83;7;"K7"
84;77;"K7"
85;118;"K7"
86;146;"K7"
87;323;"K7"
88;173;"K7"
89;9;"K7"
91;2;"K7"
92;45;"K7"
93;39;"K7"
94;10;"K7"
95;1;"K7"
96;19;"K7"
97;66;"K7"
98;169;"K7"
99;212;"K7"
100;42;"K7"
101;25;"K7"
102;4;"K7"
104;31;"K7"
105;364;"K7"
106;122;"K7"
107;10;"K7"
108;41;"K7"
109;68;"K7"
110;122;"K7"
111;108;"K7"
112;18;"K7"
113;30;"K7"
114;8;"K7"
115;2;"K7"
117;1;"K7"
118;1;"K7"
119;3;"K7"
120;14;"K7"
121;24;"K7"
122;160;"K7"
123;232;"K7"
124;100;"K7"
125;72;"K7"
126;30;"K7"
127;23;"K7"
128;19;"K7"
129;5;"K7"
131;4;"K7"
132;10;"K7"
133;23;"K7"
134;39;"K7"
135;71;"K7"
136;33;"K7"
137;57;"K7"
138;26;"K7"
140;90;"K7"
141;80;"K7"
142;29;"K7"
143;4;"K7"
144;3;"K7"
145;5;"K7"
146;13;"K7"
147;21;"K7"
148;17;"K7"
149;64;"K7"
150;88;"K7"
151;22;"K7"
152;2;"K7"
157;1;"K7"
158;3;"K7"
159;8;"K7"
160;39;"K7"
161;17;"K7"
162;22;"K7"
163;34;"K7"
164;13;"K7"
165;1;"K7"
169;3;"K7"
170;65;"K7"
171;14;"K7"
172;55;"K7"
173;30;"K7"
174;159;"K7"
175;179;"K7"
176;507;"K7"
177;78;"K7"
178;5;"K7"
182;3;"K7"
183;4;"K7"
184;25;"K7"
185;15;"K7"
186;16;"K7"
187;4;"K7"
188;2;"K7"
194;3;"K7"
195;1;"K7"
196;4;"K7"
197;7;"K7"
198;5;"K7"
199;13;"K7"
200;2;"K7"
201;3;"K7"
207;3;"K7"
208;5;"K7"
209;12;"K7"
210;136;"K7"
211;50;"K7"
212;51;"K7"
213;17;"K7"
214;3;"K7"
220;7;"K7"
221;1;"K7"
222;3;"K7"
233;20;"K7"
234;3;"K7"
235;14;"K7"
236;2;"K7"
237;2;"K7"
244;11;"K7"
245;37;"K7"
246;999;"K7"
247;189;"K7"
248;663;"K7"
249;110;"K7"
250;108;"K7"
251;15;"K7"
267;1;"K7"
280;31;"K7"
281;53;"K7"
282;43;"K7"
283;51;"K7"
284;24;"K7"
285;18;"K7"
286;4;"K7"
287;2;"K7"
315;2;"K7"
316;322;"K7"
317;54;"K7"
318;421;"K7"
319;69;"K7"
320;201;"K7"
321;32;"K7"
322;44;"K7"
323;6;"K7"
324;3;"K7"
50;145;"K8"
51;71;"K8"
52;4;"K8"
53;3;"K8"
60;5;"K8"
61;21;"K8"
62;42;"K8"
63;102;"K8"
64;14;"K8"
65;9;"K8"
72;3;"K8"
73;40;"K8"
74;75;"K8"
75;265;"K8"
76;64;"K8"
77;8;"K8"
81;1;"K8"
82;3;"K8"
84;7;"K8"
85;25;"K8"
86;11;"K8"
87;17;"K8"
88;2;"K8"
89;126;"K8"
90;34;"K8"
91;2;"K8"
97;2;"K8"
98;2;"K8"
99;43;"K8"
100;1;"K8"
101;12;"K8"
102;1;"K8"
104;14;"K8"
105;1;"K8"
109;1;"K8"
110;7;"K8"
111;346;"K8"
112;24;"K8"
113;109;"K8"
114;7;"K8"
123;1;"K8"
124;1;"K8"
125;79;"K8"
126;5;"K8"
127;23;"K8"
128;2;"K8"
138;1;"K8"
139;999;"K8"
140;80;"K8"
141;309;"K8"
142;23;"K8"
143;1;"K8"
163;2;"K8"
164;2;"K8"
165;6;"K8"
166;1;"K8"
199;1;"K8"
264;3;"K8"
266;1;"K8"
50;77;"K9"
51;66;"K9"
53;12;"K9"
58;122;"K9"
60;12;"K9"
63;54;"K9"
69;15;"K9"
70;11;"K9"
73;76;"K9"
81;83;"K9"
82;64;"K9"
84;24;"K9"
86;33;"K9"
87;54;"K9"
92;11;"K9"
94;18;"K9"
97;5;"K9"
98;31;"K9"
99;61;"K9"
100;20;"K9"
106;11;"K9"
111;177;"K9"
112;70;"K9"
113;188;"K9"
118;15;"K9"
127;5;"K9"
133;15;"K9"
137;14;"K9"
138;7;"K9"
141;131;"K9"
151;18;"K9"
163;188;"K9"
164;184;"K9"
166;8;"K9"
172;8;"K9"
186;10;"K9"
197;4;"K9"
198;23;"K9"
199;999;"K9"
200;99;"K9"
201;307;"K9"
202;46;"K9"
215;17;"K9"
234;406;"K9"
235;69;"K9"
236;240;"K9"
251;34;"K9"
253;27;"K9"
259;10;"K9"
263;10;"K9"
271;8;"K9"
280;10;"K9"
282;24;"K9"
284;5;"K9"
291;30;"K9"
292;73;"K9"
294;44;"K9"
336;8;"K9"
377;7;"K9"
481;8;"K9"
526;14;"K9"
578;18;"K9"
592;11;"K9"
601;10;"K9"
630;11;"K9"
631;7;"K9"
634;11;"K9"
640;10;"K9"
647;8;"K9"
697;11;"K9"
707;8;"K9"
712;7;"K9"
714;4;"K9"
749;8;"K9"
762;7;"K9"
783;8;"K9"
796;10;"K9"
813;8;"K9"
843;8;"K9"
853;8;"K9"
861;10;"K9"
897;7;"K9"
906;10;"K9"
926;11;"K9"
931;10;"K9"
932;8;"K9"
940;8;"K9"
950;18;"K9"
959;10;"K9"
969;12;"K9"
980;2;"K9"
983;8;"K9"
